True_Value,Predicted_Neuron_1,Predicted_Neuron_2,Predicted_Neuron_3
0,0.5571708,7.5260436e-14,0.44282922
0,0.93309635,1.1036031e-12,0.066903666
2,0.020395644,8.526519e-15,0.9796043
0,0.9999711,2.830085e-13,2.8840666e-05
2,0.9885501,4.4646046e-14,0.011449837
0,0.999241,3.174996e-10,0.0007590382
2,0.02129515,2.3280775e-14,0.9787048
2,0.025404679,9.058417e-15,0.97459537
2,0.0881017,2.434872e-14,0.91189826
2,0.93635863,9.7702526e-14,0.06364135
2,0.024537882,1.39606564e-14,0.97546214
2,0.03219283,2.9046234e-14,0.9678071
0,0.99967384,8.3765445e-10,0.0003261894
2,0.025211826,1.4782383e-14,0.9747881
2,0.0013034149,1.0718755e-09,0.99869657
0,0.9913145,4.172143e-14,0.008685457
0,0.96573406,6.814262e-14,0.034265846
0,0.9901803,4.834243e-14,0.009819641
2,0.019111782,8.636423e-15,0.98088825
0,0.9999965,2.608095e-12,3.4885961e-06
2,0.0012518956,6.197647e-11,0.9987481
0,0.9999972,1.0596355e-12,2.7029498e-06
2,0.124554776,2.5695956e-14,0.8754452
2,0.02060435,1.4413678e-14,0.9793956
2,0.019031154,1.22063114e-14,0.98096883
0,0.02333143,1.2791484e-14,0.97666854
0,0.9999754,1.1921214e-10,2.4501662e-05
2,0.015819503,6.954571e-15,0.98418045
0,0.99862784,2.4718769e-12,0.0013721779
2,2.0590228e-06,4.697654e-12,0.9999979
2,0.043734957,1.33395085e-14,0.956265
2,0.01803023,7.863849e-15,0.9819697
0,0.99999076,3.50629e-12,9.130204e-06
2,2.1305873e-06,1.3964358e-11,0.9999978
2,6.0398797e-06,4.909399e-12,0.99999386
2,0.01722016,6.9325246e-15,0.98277986
0,0.99177235,4.1687794e-14,0.008227572
2,0.61009896,1.935436e-11,0.3899011
0,0.95695376,5.3967253e-13,0.043046176
2,0.61975724,7.2743806e-14,0.3802427
2,0.009836254,7.212293e-15,0.99016374
0,0.9929778,4.4055183e-14,0.007022212
0,0.9987569,1.8183359e-10,0.0012430708
2,0.27163598,2.6570321e-12,0.72836393
0,0.98584795,7.184122e-14,0.014152061
0,0.9802214,1.5513164e-13,0.019778598
2,0.015648043,6.8575893e-15,0.984352
0,0.9992931,3.5692083e-10,0.0007069016
2,0.015208747,5.5502465e-15,0.9847912
2,0.024292342,1.2716485e-14,0.9757076
2,0.023549175,1.1151042e-14,0.9764509
0,0.98248655,1.2915023e-13,0.017513389
0,0.9512698,6.574111e-13,0.048730053
2,0.018147338,8.022857e-15,0.98185253
0,0.9999898,9.856659e-13,1.0190201e-05
2,0.050405383,6.018844e-14,0.9495946
0,0.69069666,9.0173696e-13,0.3093034
0,0.99984884,3.826854e-10,0.0001510811
2,2.1753547e-06,5.7167686e-12,0.9999978
2,0.014723687,5.7970283e-15,0.9852763
2,0.015889382,7.303395e-15,0.98411053
0,0.9994153,1.3078526e-13,0.0005846496
2,0.13708532,2.9196385e-14,0.86291474
0,0.99931544,1.0040547e-13,0.00068445137
2,0.12945424,3.8325726e-13,0.8705458
0,0.9479102,1.4145942e-13,0.05208981
2,0.01489869,5.3477387e-15,0.9851012
0,0.9928353,4.5202726e-14,0.0071647633
2,0.027370244,1.3695711e-14,0.9726298
2,0.023636691,1.2832884e-14,0.97636324
0,0.9999936,7.1734654e-13,6.3331495e-06
0,0.9999983,2.0290564e-12,1.6438872e-06
0,0.9910546,4.4042796e-14,0.008945452
0,0.99151754,3.9639583e-14,0.008482391
2,0.0258258,1.587279e-14,0.97417414
0,0.97894204,4.9868943e-14,0.02105801
0,0.99929476,1.7347382e-10,0.0007053532
2,0.030296713,2.1543627e-14,0.96970314
0,0.9114795,4.8653664e-10,0.088520594
2,0.017056355,6.090912e-15,0.98294365
2,0.01631689,6.3205882e-15,0.9836831
0,0.043551963,4.413851e-14,0.9564481
0,0.9994994,4.8986815e-10,0.00050049246
0,0.98880446,5.5021773e-14,0.011195569
2,5.2130804e-06,1.45454e-11,0.9999947
2,0.029661939,4.1511313e-14,0.97033805
2,0.019652652,9.099444e-15,0.98034734
2,0.014086687,5.94938e-15,0.9859133
2,0.0035119923,1.6861422e-14,0.99648803
2,0.03638648,4.040325e-14,0.9636135
2,0.019047657,8.689004e-15,0.9809523
0,0.99946105,4.73635e-10,0.00053900963
2,0.005903306,2.7796319e-09,0.9940966
0,0.9999582,9.908825e-13,4.168223e-05
2,0.0002906717,1.5770035e-13,0.99970937
2,0.813606,7.282915e-12,0.18639396
0,0.9923073,4.8482414e-14,0.0076927207
2,0.98850274,6.5294246e-14,0.011497257
0,0.9999977,9.62802e-13,2.2161744e-06
2,0.004795251,4.1221426e-09,0.9952047
0,0.9999971,6.0074007e-12,2.8329125e-06
0,0.9998677,1.1997156e-11,0.00013239299
0,0.95140094,6.61021e-14,0.048599012
0,0.94962007,7.0088314e-13,0.05037992
0,0.9995249,4.2215448e-10,0.00047509267
0,0.99971354,1.4972039e-13,0.00028655428
0,0.8346908,4.952441e-12,0.16530918
2,0.030245248,2.1442119e-14,0.9697547
2,0.017401058,6.8917006e-15,0.9825989
2,0.0030880445,6.5107533e-09,0.99691194
0,0.9999961,5.6869605e-12,3.820992e-06
2,0.016768986,6.0474692e-15,0.9832309
0,0.96847653,5.3974467e-14,0.03152344
0,0.9785414,1.7602429e-13,0.021458535
2,0.077510774,2.8519257e-14,0.9224893
0,0.9551061,6.916598e-14,0.044893757
2,0.019949835,7.396936e-15,0.9800502
2,1.0856663e-06,8.002243e-12,0.99999887
0,0.9063216,6.6337066e-14,0.09367841
0,0.99303025,4.7446195e-14,0.006969763
2,2.649183e-05,5.8624703e-13,0.9999735
2,0.04896466,1.3793036e-14,0.9510353
0,0.9994432,1.7539463e-12,0.00055679906
2,0.02849445,1.593287e-14,0.97150546
2,0.0037364317,3.9411074e-09,0.99626356
0,0.9996507,3.6817543e-13,0.0003492241
2,0.015881749,6.536117e-15,0.9841182
2,0.0089889625,5.8388746e-14,0.991011
2,0.021459717,7.549874e-15,0.9785402
0,0.9742052,2.3061842e-13,0.025794882
2,2.374033e-05,4.6512558e-11,0.9999762
0,0.9996674,1.4400552e-13,0.00033258207
0,0.996574,7.1518895e-14,0.0034259714
2,0.015189505,5.9768957e-15,0.9848105
0,0.988622,6.2882784e-14,0.011377971
2,0.0001755242,3.472374e-08,0.9998245
2,0.014877668,5.2652233e-15,0.98512226
0,0.9969001,8.782866e-14,0.0030999447
2,0.0025207624,5.3504157e-09,0.99747926
0,0.9585464,1.6513163e-13,0.04145352
2,0.024905885,1.4322619e-14,0.97509414
2,0.002398884,1.2895165e-09,0.997601
0,0.98243254,4.7502485e-14,0.017567342
0,0.9975117,4.5185012e-11,0.0024882902
2,0.004114724,2.9153335e-09,0.9958854
2,0.030294133,1.38356666e-14,0.9697058
0,0.98192066,1.6647679e-09,0.018079326
2,0.00069201965,5.709368e-10,0.9993081
0,0.99999565,9.0363757e-13,4.2448464e-06
0,0.07452282,2.693536e-14,0.9254771
0,0.99995834,3.8572113e-13,4.1626223e-05
2,0.021689769,1.2314986e-14,0.9783102
0,0.99832493,1.7259085e-11,0.0016750635
2,0.014055001,5.7153417e-15,0.9859449
0,0.9995113,2.0458497e-13,0.0004886408
2,0.0057281796,5.1047544e-09,0.9942718
2,0.059538286,6.925401e-11,0.9404617
0,0.9678854,6.265626e-14,0.032114577
0,0.99917346,2.3188287e-10,0.0008265462
0,0.99959916,5.7980243e-10,0.00040086286
2,0.017747775,7.546549e-15,0.98225224
2,0.015255212,5.498692e-15,0.98474485
0,0.98123443,4.771181e-14,0.018765526
2,0.6393619,8.5143e-14,0.36063808
2,6.026152e-06,2.0528645e-11,0.99999386
2,0.027764652,1.1331479e-14,0.97223544
2,2.8629143e-05,4.636739e-12,0.99997133
0,0.9803184,1.5447466e-13,0.019681461
2,2.715758e-06,9.5074695e-12,0.9999972
2,0.003994717,3.6074281e-09,0.9960051
2,0.015805947,6.0553792e-15,0.98419404
0,0.98913455,4.7440777e-14,0.010865481
2,0.037539,1.38572235e-14,0.96246094
2,0.9116526,6.8091894e-14,0.08834743
0,0.9947294,5.4829764e-14,0.005270603
0,0.9975014,2.1175408e-13,0.002498518
0,0.9852659,4.6476308e-14,0.0147340745
2,0.358401,1.0834353e-13,0.64159894
2,0.017590145,7.488166e-15,0.98240983
2,1.2156706e-05,5.124931e-10,0.9999878
0,0.98791665,7.3423364e-14,0.012083291
0,0.9996272,6.8555334e-10,0.00037286087
0,0.9906289,1.2138633e-13,0.009371141
0,0.99925375,3.1434558e-10,0.0007463242
2,0.7733333,8.145664e-14,0.22666676
0,0.9998615,1.6665879e-09,0.00013862345
0,0.99995047,3.2166847e-13,4.9467013e-05
2,0.014215728,1.1239391e-14,0.98578423
2,0.014995635,5.330797e-15,0.9850043
2,0.004112403,3.341778e-09,0.9958876
2,0.013872581,8.861944e-15,0.9861273
0,0.9285118,1.8910507e-13,0.071488164
0,0.9998786,1.12857015e-11,0.000121370475
0,0.99923503,7.611908e-12,0.00076493504
2,0.028714221,1.9473813e-14,0.9712858
2,0.27310786,4.705596e-14,0.72689205
2,0.024640977,1.1219254e-14,0.97535896
2,0.58377004,2.2904206e-11,0.41623005
0,0.99170077,4.3543694e-14,0.008299331
2,0.018501783,8.719978e-15,0.98149824
0,0.9732285,3.0721625e-13,0.026771456
2,0.026992854,8.846536e-15,0.9730072
2,0.15503211,2.5065722e-13,0.84496784
2,1.0441027e-05,1.9761545e-12,0.99998945
2,0.032852937,4.931472e-14,0.96714705
2,0.066628665,2.4997541e-13,0.93337125
0,0.9890973,5.875255e-14,0.010902755
0,0.97943246,1.4656585e-13,0.02056746
0,0.9929461,4.374681e-14,0.007053872
0,0.9884544,6.035534e-14,0.011545456
2,0.002247286,9.1276575e-10,0.9977528
2,0.00018553049,3.112642e-13,0.9998145
0,0.9999953,9.376682e-13,4.701941e-06
0,0.9997573,3.6879947e-13,0.00024277529
0,0.999994,1.1568929e-12,5.962811e-06
2,0.020215463,7.060735e-15,0.97978455
2,1.329799e-05,1.8032182e-11,0.9999866
0,0.96936905,5.3800043e-14,0.030630944
2,0.004491815,3.2315775e-09,0.99550825
2,0.017776359,6.4896035e-15,0.9822236
2,0.015714813,5.7662433e-15,0.98428524
2,0.06760643,2.8545762e-14,0.9323936
0,0.9708268,3.1156032e-13,0.029173104
2,0.0023828198,1.992264e-09,0.9976172
0,0.9999915,7.9787246e-13,8.411513e-06
2,0.0152962655,1.7837831e-14,0.9847036
2,0.016198996,8.7331115e-10,0.9838011
2,1.6156314e-06,6.752352e-12,0.9999983
0,0.99980044,1.1195816e-09,0.00019965072
0,0.9909659,4.1478604e-14,0.009034019
0,0.9955435,6.2246364e-14,0.0044564726
0,0.9192713,1.628579e-12,0.080728725
2,0.003364047,1.6958864e-09,0.9966359
0,0.019261343,1.1031339e-09,0.9807386
0,0.9819833,4.777455e-14,0.01801676
0,0.9224203,1.1408451e-13,0.077579595
0,0.99769604,6.7704977e-14,0.0023040422
2,0.0191195,9.47632e-15,0.9808805
0,0.9991449,2.5263672e-10,0.000855101
2,0.019821128,9.657712e-15,0.98017895
2,0.21115673,1.1907755e-12,0.7888432
0,0.9999915,8.388056e-12,8.499374e-06
0,0.4069256,1.1087166e-12,0.59307444
2,0.016366253,6.3851194e-15,0.9836337
0,0.89224255,1.8838897e-12,0.10775743
0,0.99096483,4.1963252e-14,0.009035172
0,0.9999942,5.0814854e-13,5.717169e-06
2,0.033005167,2.6546651e-14,0.9669949
0,0.9899905,5.2269383e-14,0.010009524
0,0.99998647,2.4770781e-11,1.3469608e-05
0,0.98636043,1.2419124e-13,0.013639548
0,0.9556635,2.2642126e-13,0.044336446
0,0.9911496,4.1444218e-14,0.008850429
2,0.3079971,6.77016e-14,0.692003
0,0.9992926,2.691595e-10,0.0007073335
2,2.4460048e-06,7.759697e-12,0.99999744
2,0.014870625,5.2761183e-15,0.9851293
2,0.0020654395,3.4383165e-14,0.9979345
2,0.033685293,1.0506552e-14,0.9663147
2,1.5041201e-06,1.0086839e-11,0.9999984
2,6.228371e-05,6.330478e-11,0.9999376
2,0.809124,1.7287078e-13,0.19087595
0,0.98529625,5.6239786e-14,0.014703772
0,0.9204254,6.8314224e-14,0.079574496
2,0.023911508,1.3634699e-14,0.9760885
0,0.99999577,8.307427e-13,4.135095e-06
2,0.02484584,1.4869614e-14,0.9751541
0,0.99117225,4.0119112e-14,0.008827775
0,0.9999954,1.2505219e-12,4.474762e-06
0,0.9985647,9.499017e-11,0.0014352662
0,0.99985814,4.895264e-10,0.00014197113
0,0.98623526,6.231395e-14,0.013764772
0,0.9901942,4.4793288e-14,0.009805886
0,0.9991819,9.2840733e-14,0.0008180096
2,0.015516987,5.6200835e-15,0.98448294
0,0.99669486,1.9070453e-13,0.0033050599
0,0.917574,1.6563441e-12,0.082426004
2,0.0042739105,3.891042e-09,0.99572605
0,0.99911094,2.4098404e-10,0.0008889365
2,0.022114908,1.1250371e-14,0.97788507
2,0.22012551,3.8007425e-14,0.7798744
0,0.9991126,2.335808e-10,0.00088735623
2,0.025849992,1.1679263e-14,0.9741499
0,0.9978508,7.67232e-14,0.0021491107
2,0.014989619,5.345226e-15,0.98501027
0,0.99070805,5.5946404e-14,0.009291963
2,0.030640049,2.238668e-14,0.96935993
2,0.017867202,6.825236e-15,0.9821327
0,0.9821155,1.525426e-13,0.017884526
0,0.99060434,4.5989817e-14,0.0093956385
2,4.0113617e-05,1.5665383e-10,0.99995977
2,0.015870767,5.6801047e-15,0.98412913
0,0.999733,1.0474747e-09,0.00026708684
0,0.999337,3.2277664e-10,0.0006629374
2,0.040535193,1.3261434e-14,0.9594648
0,0.98394746,1.4048247e-13,0.016052531
0,0.97253346,1.4342511e-13,0.027466524
2,1.1311927e-06,1.0486558e-11,0.99999887
2,0.015103657,5.8227344e-15,0.98489624
0,0.9913497,4.2536412e-14,0.008650318
2,0.087836035,6.43428e-14,0.91216385
0,0.9888832,5.9994876e-14,0.011116818
2,0.0049655703,6.6753325e-14,0.99503434
2,0.054667175,1.6674455e-14,0.94533277
0,0.94163895,1.06567336e-13,0.05836098
0,0.9883453,4.2902724e-14,0.011654586
0,0.99963975,7.49285e-10,0.000360209
0,0.9874108,7.406595e-14,0.012589174
0,0.9999295,2.8934062e-09,7.042665e-05
2,0.014277968,5.5007273e-15,0.98572206
0,0.45866776,8.5705505e-12,0.5413323
0,0.9898661,4.8701664e-14,0.010133796
0,0.9838952,1.0642534e-13,0.016104855
0,0.9993865,3.5441353e-10,0.00061357225
0,0.996114,1.866918e-13,0.0038859511
0,0.9890868,5.9927845e-14,0.01091325
0,0.97872555,6.01804e-14,0.021274416
0,0.99311155,5.855169e-14,0.00688847
0,0.6974148,2.1204644e-13,0.30258515
2,0.0036695614,6.4557635e-09,0.9963304
2,0.0010646051,8.668439e-10,0.9989354
0,0.9914562,4.0055968e-14,0.008543781
2,0.015159847,5.761555e-15,0.98484015
2,0.25647038,4.5484395e-14,0.74352956
2,0.0018018694,1.0200288e-09,0.9981982
2,0.014032145,6.5341786e-15,0.98596793
2,0.020943658,8.204201e-15,0.97905636
2,4.74153e-05,3.6163652e-11,0.9999525
2,0.016542282,6.4615214e-15,0.98345774
0,0.39156857,6.8983705e-14,0.60843134
2,0.019102214,7.240584e-15,0.9808977
0,0.9427535,1.8162955e-13,0.057246406
0,0.98616976,7.2642196e-14,0.013830127
0,0.031945284,5.5310284e-10,0.9680547
2,0.031745043,3.8327536e-14,0.9682548
2,0.014932039,5.787782e-15,0.9850679
0,0.9873813,7.832065e-14,0.01261874
0,0.9943914,4.607547e-14,0.005608488
2,0.12262158,3.832038e-13,0.8773784
0,0.30093327,9.742496e-11,0.69906676
2,0.029813522,1.2690676e-14,0.97018653
0,0.9997511,1.0506531e-09,0.00024899645
0,0.95823973,2.641577e-13,0.041760214
2,6.9685802e-06,2.7610485e-11,0.999993
0,0.58751315,7.0388106e-14,0.4124868
2,0.043668054,1.461881e-14,0.9563319
0,0.9568941,5.4083214e-13,0.043105964
2,0.0003970263,9.123973e-10,0.999603
0,0.5655609,1.4758021e-11,0.43443918
2,0.36986417,1.6738606e-13,0.6301358
0,0.9882118,5.392851e-14,0.011788125
2,0.010044462,9.0911507e-13,0.98995554
2,0.010038375,8.587465e-15,0.98996156
0,0.97497904,5.6545487e-14,0.02502096
0,0.9934717,4.397238e-14,0.0065283547
2,0.9775368,2.022392e-13,0.02246314
2,0.013945385,5.8389297e-15,0.98605454
2,0.005493464,3.9591788e-09,0.9945065
0,0.98898846,5.804673e-14,0.011011508
0,0.99999446,1.5109472e-12,5.47697e-06
2,0.010183351,8.764644e-15,0.98981655
2,0.20238231,1.109746e-12,0.7976177
0,0.9843945,9.468934e-14,0.015605513
2,0.02953218,1.2627343e-14,0.97046775
2,0.015077508,5.6207925e-15,0.9849226
0,0.989369,1.9088802e-13,0.010630998
0,0.9996495,5.018249e-12,0.00035041387
2,0.01774365,7.43358e-15,0.9822563
0,0.9999941,1.7278507e-12,5.8760465e-06
0,0.1302063,4.4440715e-13,0.8697937
2,1.3147202e-06,7.853169e-12,0.9999986
0,0.9705628,2.9387612e-13,0.029437145
2,1.5310476e-05,8.543393e-12,0.9999847
2,0.018644681,6.438983e-15,0.98135537
0,0.9894552,6.037198e-14,0.010544857
0,0.9995373,4.722863e-10,0.0004626249
0,0.9871318,4.5163553e-14,0.012868316
2,0.7458808,7.7357595e-14,0.2541192
2,0.01635508,6.339733e-15,0.98364484
0,0.999774,1.333965e-11,0.00022594933
0,0.98926604,5.425836e-14,0.010733916
2,0.95243686,6.509277e-13,0.04756319
0,0.98882955,7.772204e-14,0.0111704925
2,0.017710952,6.3498596e-15,0.98228896
2,0.008781225,9.228928e-15,0.9912187
0,0.9993067,3.3069847e-10,0.0006934492
2,0.022878956,1.0457661e-14,0.9771211
0,0.97490734,1.9529403e-13,0.025092645
2,0.002667515,6.1956484e-09,0.9973325
2,4.5985607e-06,2.3661721e-12,0.9999953
2,0.023954807,7.991181e-15,0.97604525
2,0.014921839,5.2744153e-15,0.98507816
0,0.9866883,5.6053368e-14,0.013311656
2,0.020039152,9.558192e-15,0.9799608
2,0.014829064,5.287443e-15,0.9851709
0,0.9914842,3.9938013e-14,0.008515775
0,0.99914515,2.4562735e-10,0.00085484434
0,0.99987507,6.225288e-08,0.00012481796
0,0.9994952,5.0927623e-10,0.0005046997
0,0.99999565,7.3665444e-13,4.3283953e-06
2,0.015302222,5.6533736e-15,0.98469776
0,0.9919402,5.1928395e-14,0.008059761
0,0.99988395,1.8807728e-13,0.000115951174
0,0.9850563,1.0911996e-13,0.014943667
0,0.98707575,7.8743164e-14,0.012924195
0,0.01681145,9.246029e-14,0.98318857
0,0.9894862,4.6697648e-14,0.010513756
2,0.021442462,9.360611e-15,0.97855747
2,0.39969644,6.167488e-14,0.60030365
2,0.020605622,9.74907e-15,0.97939444
2,0.031766605,9.916827e-15,0.96823335
0,0.99924624,2.8779695e-10,0.0007538049
0,0.74559605,8.217741e-14,0.25440386
2,8.6881355e-06,1.5402735e-11,0.99999124
0,0.275212,4.143583e-11,0.724788
0,0.9993805,3.8870096e-10,0.00061947224
2,0.015096427,5.3964795e-15,0.9849037
0,0.98753536,7.41143e-14,0.012464552
0,0.98975533,1.1030926e-12,0.010244621
0,0.8771375,2.9925296e-12,0.12286244
2,0.016947925,7.0590866e-15,0.9830522
0,0.9992955,2.933685e-10,0.00070462155
0,0.99713755,8.677644e-14,0.0028624567
0,0.9997157,2.0016305e-11,0.00028439186
2,3.3357383e-06,2.2157944e-11,0.9999966
0,0.99150896,4.1795574e-14,0.008491095
0,0.90907854,2.69043e-13,0.09092146
0,0.9756248,2.1395764e-13,0.024375262
2,0.46683034,1.5030203e-11,0.53316957
0,0.9998071,1.4594788e-09,0.00019295876
2,0.42583033,3.8072314e-12,0.5741696
2,0.016468786,5.8735183e-15,0.98353124
2,0.00036373103,2.6548705e-10,0.9996363
0,0.9916328,4.2290302e-14,0.008367102
2,2.869536e-06,4.6722393e-11,0.9999971
0,0.9852654,1.1062256e-13,0.014734678
2,0.022389602,6.850207e-10,0.97761035
2,3.1936202e-06,9.1702045e-12,0.9999967
2,1.928871e-05,3.0052325e-11,0.9999806
2,8.39414e-06,8.880363e-12,0.9999916
2,0.0031983883,5.0751074e-09,0.99680156
0,0.99076706,5.686031e-14,0.009232951
2,0.021381944,1.0639024e-14,0.978618
0,0.9904617,4.8079803e-14,0.009538172
2,0.982413,1.4790853e-13,0.017586915
0,0.71779794,1.0166971e-13,0.28220218
0,0.9791024,8.3489415e-14,0.020897519
0,0.99023956,4.910749e-14,0.009760325
0,0.052671414,7.3019465e-14,0.94732857
0,0.9861955,8.7549325e-14,0.013804397
0,0.9128035,1.6994278e-12,0.08719641
2,0.0067461403,1.4013901e-09,0.9932539
0,0.99376035,4.2409118e-13,0.006239597
2,0.017281186,6.716356e-15,0.9827188
0,0.9917178,3.994872e-14,0.00828221
2,1.140183e-06,9.849518e-12,0.99999875
0,0.9952219,5.794464e-14,0.004778076
2,4.2239576e-06,7.2272366e-12,0.99999577
2,0.0012399707,2.1940845e-09,0.99876
0,0.9942922,5.3712013e-14,0.0057077007
2,0.06006834,1.6702822e-13,0.9399316
2,2.0695118e-06,1.4928059e-11,0.9999979
0,0.9004555,7.353643e-14,0.09954452
0,0.9879239,5.5559388e-14,0.012075955
0,0.9913242,4.114275e-14,0.008675706
0,0.9786299,1.7438896e-13,0.02137013
0,0.9999978,6.912661e-12,2.1652334e-06
0,0.98983246,5.5762042e-14,0.01016745
2,0.01881816,8.25032e-15,0.9811818
0,0.98651636,8.4419444e-14,0.01348359
2,0.028361427,9.165002e-15,0.9716386
2,0.015964888,5.982382e-15,0.9840351
2,0.038622953,3.6665044e-14,0.961377
2,0.01609634,6.2435146e-15,0.9839036
2,0.024352735,1.1691147e-14,0.97564715
2,0.98380613,6.130283e-14,0.016193883
2,0.018901205,7.298342e-15,0.9810989
2,8.0835e-06,8.955308e-12,0.99999183
2,0.027362386,8.751327e-15,0.9726376
0,0.96919435,3.7416823e-13,0.0308056
2,0.014889155,5.5097863e-15,0.98511076
2,0.017150264,6.987981e-15,0.98284984
0,0.9920295,4.33783e-14,0.007970595
2,0.016922385,7.0884126e-15,0.9830776
2,0.0063270987,3.322861e-09,0.9936728
2,0.00135234,4.6542384e-14,0.99864763
0,0.99953467,5.144708e-10,0.0004653122
0,0.99039745,4.864154e-14,0.009602439
2,0.014599484,5.631419e-15,0.98540044
2,0.024355775,1.400749e-14,0.97564423
0,0.8832568,2.6346395e-12,0.11674332
0,0.989,5.583014e-14,0.011000007
0,0.9905959,4.070561e-14,0.009404209
0,0.9965542,3.2593248e-13,0.003445765
2,0.0019404007,1.0160201e-08,0.9980596
0,0.9999984,1.5242043e-12,1.605329e-06
2,0.28656545,1.7933502e-13,0.7134346
0,0.36770132,6.4990506e-11,0.6322986
0,0.9903047,5.0007568e-14,0.0096953185
2,0.028084746,1.2201116e-14,0.9719153
0,0.96841455,2.2168858e-13,0.031585537
2,0.0003774956,8.7523794e-10,0.9996225
0,0.86954904,1.1266498e-12,0.13045095
2,0.059808403,1.4249448e-13,0.94019145
2,0.17834349,1.5441194e-10,0.82165647
0,0.9557734,5.685972e-13,0.044226438
0,0.99041295,5.5443816e-14,0.0095869545
0,0.73334557,7.557555e-14,0.26665437
0,0.9994747,4.7466975e-10,0.0005252335
0,0.99952215,8.9280583e-10,0.00047777436
2,0.016807837,8.1798174e-10,0.9831921
2,0.013232544,7.54296e-15,0.9867675
0,0.5848442,8.554143e-14,0.4151558
0,0.99967384,8.1337354e-10,0.0003261297
2,0.15050563,4.131581e-14,0.84949434
2,0.016255766,1.7286093e-09,0.9837442
0,0.99879,1.7786327e-10,0.0012099977
2,0.00229216,2.02576e-09,0.99770784
2,0.020594243,7.1314025e-15,0.97940564
0,0.99573374,1.5161032e-13,0.004266275
2,0.016013393,6.089588e-15,0.9839867
0,0.9999834,2.8601524e-12,1.653527e-05
0,0.9923221,4.1899318e-14,0.0076778685
0,0.9998522,2.0539659e-09,0.00014784129
0,0.94826406,6.0568345e-14,0.051735938
0,0.9990044,8.8601695e-11,0.0009954674
0,0.99867415,1.3960227e-10,0.0013258423
2,0.33825237,5.496077e-14,0.6617476
0,0.9891007,5.892558e-14,0.010899278
0,0.97563803,1.5224978e-13,0.024361823
0,0.9880641,5.493917e-14,0.011935855
2,0.02214159,1.2608369e-14,0.97785836
0,0.999846,6.624854e-10,0.00015402888
2,7.868269e-06,2.3368956e-11,0.9999921
0,0.99919456,2.0269558e-10,0.00080547977
0,0.9999954,7.0019103e-12,4.5335146e-06
2,0.11604678,2.6962688e-13,0.8839532
0,0.798293,6.9538372e-12,0.20170696
0,0.99995846,1.965423e-11,4.1534946e-05
2,0.34114838,3.719386e-12,0.6588516
0,0.98782116,5.935924e-14,0.012178848
2,0.01588342,5.6781692e-15,0.9841166
2,0.0026989651,1.4323701e-09,0.99730104
0,0.95675975,4.6130954e-13,0.04324027
2,0.05933943,1.539168e-14,0.94066054
0,0.9829662,1.1500601e-13,0.017033955
2,0.26731426,2.4703584e-13,0.73268574
0,0.60516256,2.3681172e-11,0.39483747
0,0.97562015,2.1901834e-13,0.024379758
2,0.03762317,3.6244726e-14,0.96237683
0,0.9998255,1.4914631e-09,0.00017465457
2,0.0158462,8.5101837e-10,0.9841537
0,0.9996138,6.965671e-10,0.00038617736
0,0.98602647,8.967442e-14,0.013973437
0,0.9901947,5.9899155e-14,0.009805279
0,0.9806418,4.806733e-14,0.019358225
2,0.04229072,4.2023527e-14,0.9577092
2,0.00076913356,7.7276696e-10,0.99923086
0,0.015946386,8.5842883e-10,0.9840535
0,0.6801858,1.6581226e-11,0.3198142
0,0.9999998,1.1437853e-09,9.881725e-08
2,0.8977986,2.4224932e-12,0.10220139
2,7.084154e-06,4.3061967e-11,0.9999929
2,0.85956043,9.286424e-13,0.14043958
0,0.99715906,7.2850885e-14,0.0028409478
2,0.017157586,6.7243023e-15,0.98284245
2,2.0457035e-06,3.633363e-12,0.9999979
2,0.0025032533,2.0305182e-09,0.9974966
2,0.02917154,1.977309e-14,0.9708284
0,0.97789675,2.2652956e-13,0.022103237
2,0.018349305,7.9991776e-15,0.9816507
0,0.9854767,1.7955964e-13,0.014523297
0,0.9872029,4.627002e-14,0.012797127
0,0.9999973,1.5890032e-12,2.6219209e-06
2,0.016225988,7.312855e-15,0.983774
2,1.1706783e-05,5.90711e-12,0.99998826
0,0.9503989,1.00985816e-13,0.049601026
0,0.9904919,4.2007037e-14,0.009508019
0,0.9304622,1.2079555e-12,0.06953766
0,0.9994298,4.0446566e-10,0.0005700556
0,0.9915989,4.0115487e-14,0.00840112
2,0.02899116,1.9937956e-14,0.9710087
0,0.99959975,6.399545e-10,0.00040028262
0,0.9996654,4.5421967e-13,0.0003345987
2,0.01365825,6.4186674e-15,0.9863418
0,0.98858255,6.005551e-14,0.011417505
2,0.019733781,1.2464773e-13,0.9802662
0,0.9455863,7.7246434e-13,0.05441357
0,0.85947824,1.02837294e-10,0.14052163
0,0.99792194,1.2998821e-13,0.0020781693
2,0.030788664,1.7206932e-14,0.9692113
0,0.97841704,2.5048813e-13,0.021582885
2,0.02014306,9.539877e-15,0.9798569
0,0.9114495,1.09137105e-13,0.088550396
0,0.97978455,5.6464633e-14,0.020215353
0,0.2700654,2.0862144e-12,0.72993463
2,0.027130693,3.9983818e-14,0.97286916
2,0.012723751,6.6465943e-15,0.9872763
2,0.03043761,2.159686e-14,0.9695624
0,0.9999923,3.974737e-12,7.595777e-06
2,0.020667084,7.144022e-15,0.9793328
2,0.8902029,5.4164014e-13,0.10979711
0,0.99017036,5.081628e-14,0.009829727
0,0.9996426,4.8578925e-13,0.00035733017
0,0.999994,1.3275992e-12,6.0031916e-06
2,0.0033795098,2.6038587e-09,0.99662036
0,0.9473148,2.496611e-13,0.052685093
0,0.03601019,4.0202742e-14,0.96398973
2,0.011200506,8.992348e-15,0.9887995
2,0.01650464,6.6226563e-15,0.9834954
0,0.97826624,1.7986089e-13,0.021733703
2,0.03462292,3.113197e-08,0.96537703
0,0.9806626,6.2986366e-14,0.01933738
0,0.9968423,9.5812837e-14,0.003157754
2,0.03005674,1.4641742e-09,0.9699433
2,1.948167e-06,3.1967547e-11,0.99999803
2,0.008546447,1.4139487e-14,0.9914535
0,0.9752412,1.3162423e-13,0.024758704
2,2.600376e-06,9.228253e-12,0.9999973
0,0.9655452,6.482246e-14,0.03445486
2,0.12430629,2.562224e-14,0.8756937
0,0.9999915,4.2832847e-12,8.478481e-06
2,1.8497407e-05,4.2263238e-11,0.99998146
0,0.6105526,7.565024e-14,0.3894474
2,5.9190417e-05,1.0235064e-09,0.9999407
2,6.603475e-06,1.6879287e-10,0.9999934
2,0.0029952186,7.3576363e-09,0.99700475
0,0.9999383,4.549629e-09,6.164442e-05
0,0.9929049,4.8715325e-14,0.007095037
0,0.9986601,2.370039e-13,0.0013398443
0,0.9629114,4.2469324e-13,0.037088472
0,0.92997205,7.764126e-14,0.07002783
0,0.99999374,1.4326211e-12,6.188845e-06
0,0.98090076,1.3896742e-13,0.0190992
2,0.26465577,4.7635178e-14,0.73534423
2,0.02158901,8.910169e-15,0.97841096
0,0.999845,3.729063e-13,0.00015491425
2,0.13135062,2.797999e-14,0.8686494
0,0.9989149,1.7037267e-10,0.0010850127
2,9.141539e-06,3.1866013e-11,0.99999076
2,0.573849,8.228738e-14,0.42615098
2,0.031045046,1.209058e-14,0.96895486
0,0.9998517,4.8314974e-10,0.000148436
2,0.01762708,6.0120954e-15,0.9823728
2,0.005319444,1.3557586e-14,0.9946806
0,0.9999952,1.382182e-10,4.819434e-06
2,0.0034889937,6.996741e-09,0.99651104
2,1.0117729e-05,1.8340878e-12,0.9999898
2,0.0021998996,7.272154e-09,0.9978001
0,0.973255,3.299775e-13,0.026744954
2,0.016416324,8.2983326e-10,0.9835837
2,0.23946796,6.578549e-14,0.7605321
2,0.0044966354,3.1107277e-09,0.99550337
2,3.480095e-05,3.5996674e-11,0.99996513
2,2.016544e-06,4.317145e-12,0.9999979
2,0.023628138,7.4212216e-15,0.9763719
0,0.9910114,4.2441033e-14,0.00898857
0,0.99876297,1.5526352e-10,0.0012370411
0,0.99234706,9.503465e-14,0.0076530455
2,0.24663246,4.7556865e-14,0.75336754
2,0.026968611,1.7401475e-14,0.9730314
2,0.01662794,6.6457896e-15,0.98337203
2,0.0710514,2.3256032e-10,0.9289485
2,0.04069327,3.5804957e-14,0.9593067
0,0.9996082,1.9615132e-12,0.00039185613
0,0.98721945,1.1072299e-13,0.012780534
0,0.9641073,3.9885334e-13,0.03589268
0,0.9878795,5.2172554e-14,0.012120398
2,0.6822691,1.1960763e-13,0.31773096
0,0.9923647,5.582957e-14,0.00763531
2,0.0017675563,1.4530751e-09,0.99823236
0,0.9883096,4.328832e-14,0.011690354
2,0.0003324949,7.337975e-10,0.9996675
0,0.6740319,8.0327977e-14,0.32596815
0,0.9874429,8.439163e-14,0.012557017
0,0.9892229,5.65207e-14,0.010777133
2,0.09563925,4.055896e-14,0.9043607
2,0.025862718,1.5142084e-14,0.97413737
0,0.9912586,4.2290797e-14,0.008741267
2,0.016238276,6.925619e-15,0.98376167
0,0.98949534,5.4995986e-14,0.010504608
2,0.039934702,5.035743e-10,0.9600653
2,0.0029507282,5.2338445e-09,0.9970492
2,1.5957037e-06,5.90948e-12,0.9999984
2,0.025952263,1.1446398e-14,0.9740477
0,0.9994951,4.531289e-10,0.00050483615
0,0.9988731,1.7342808e-10,0.0011269562
0,0.9999468,2.0112317e-12,5.320278e-05
0,0.9991699,1.235064e-13,0.00083004346
0,0.9042957,1.9549497e-12,0.09570424
2,0.029342989,1.9989552e-14,0.97065693
0,0.99972785,7.352793e-10,0.00027218473
0,0.9802731,1.1302745e-13,0.019726805
2,0.045725457,2.0255246e-14,0.95427454
0,0.98131555,6.65841e-14,0.018684395
2,0.0149513,5.7031592e-15,0.9850488
0,0.9985939,2.9156557e-13,0.001406002
2,1.3217439e-06,1.4593753e-11,0.9999986
2,0.8225485,1.5108611e-13,0.17745148
0,0.9999961,2.9602488e-12,3.830829e-06
2,0.026054312,2.1058532e-14,0.9739456
2,0.010293108,6.76889e-15,0.9897068
2,0.0028445728,1.6023846e-09,0.99715537
0,0.9776528,1.2376561e-09,0.022347162
2,0.009533916,8.255604e-15,0.99046606
0,0.9998274,1.5013324e-13,0.00017264728
0,0.9892166,4.7699322e-14,0.010783367
0,0.9906334,4.7100497e-14,0.00936661
2,0.0044265594,4.740814e-09,0.99557334
2,0.9849893,6.069622e-14,0.015010665
2,0.062503,2.210423e-14,0.93749696
0,0.9999121,2.7502438e-12,8.782559e-05
0,0.9931226,4.443277e-14,0.0068773353
0,0.99999183,1.0254682e-12,8.132864e-06
2,0.073294856,2.6302584e-14,0.92670506
0,0.97157794,2.7816367e-13,0.028421992
2,0.020635,1.0061997e-14,0.979365
2,4.1304324e-06,1.5433418e-11,0.99999577
2,2.6153974e-05,1.2776745e-07,0.9999737
2,0.055643074,1.592179e-14,0.9443569
2,0.030974967,4.814296e-10,0.96902496
0,0.99432015,4.830274e-14,0.0056798067
2,0.018217405,2.2663713e-14,0.98178256
0,0.9867628,4.5939747e-14,0.013237284
2,0.018156962,7.9598e-15,0.98184305
2,0.011972176,2.488598e-10,0.9880278
2,0.018692551,8.3185674e-15,0.9813074
0,0.99998254,1.48364805e-08,1.7425182e-05
0,0.99999565,3.874087e-12,4.296465e-06
0,0.98715615,4.543216e-14,0.012843836
0,0.965321,4.6403154e-13,0.034679018
2,0.014152528,5.456158e-15,0.9858475
2,0.039104387,3.9393466e-14,0.9608956
2,0.015052744,5.3695917e-15,0.9849473
2,0.009573351,8.1252745e-15,0.99042666
0,0.96900105,3.1209088e-13,0.03099888
0,0.9988411,1.5077645e-10,0.0011588864
2,0.00028223908,8.534086e-14,0.99971783
2,1.329955e-05,1.5112356e-11,0.9999866
2,0.014931739,5.3142093e-15,0.98506826
2,0.014574096,5.5847766e-15,0.9854258
2,0.014911693,5.351729e-15,0.9850882
0,0.99999636,5.6422107e-12,3.530735e-06
2,0.0024122568,5.1546984e-09,0.9975878
0,0.99998623,3.9323353e-08,1.3712691e-05
0,0.99908364,5.172266e-12,0.00091633294
0,0.90127295,1.3420012e-12,0.09872703
2,0.003782082,3.2183747e-09,0.9962179
0,0.99328077,2.788662e-13,0.0067191496
2,0.046694487,1.4555323e-14,0.9533055
2,0.017248822,6.812881e-15,0.98275113
0,0.99968493,8.6240975e-10,0.00031509096
2,0.019404918,6.4178653e-15,0.9805952
0,0.9868965,4.717175e-14,0.013103407
0,0.9879309,4.7643594e-14,0.012069144
0,0.9993993,4.358685e-10,0.0006006786
0,0.4406287,7.65371e-12,0.55937123
0,0.9853934,1.8500902e-13,0.014606678
0,0.9999996,9.262485e-12,3.9024275e-07
2,0.020554133,7.2363515e-15,0.9794459
2,0.98707706,7.78149e-14,0.012922961
0,0.9993943,4.1971496e-10,0.00060554873
0,0.99339294,5.6277855e-14,0.006607116
2,0.03384513,1.4893804e-14,0.96615493
2,0.008331763,1.0824952e-14,0.99166816
2,2.0686987e-06,9.418728e-12,0.9999979
0,0.9998019,1.2813874e-09,0.0001981708
2,0.00010713245,1.9125797e-10,0.9998928
2,0.0022351919,1.4210436e-09,0.99776477
0,0.9996563,2.461476e-13,0.0003436933
0,0.9878261,4.3806647e-14,0.012173903
2,0.023272483,8.897689e-15,0.97672755
0,0.44254616,4.90621e-11,0.5574539
2,0.0029818155,4.054618e-09,0.9970182
2,0.64519787,1.3779305e-12,0.35480207
0,0.9853842,8.872261e-14,0.014615787
0,0.9841774,1.3813354e-13,0.015822586
2,0.0017677761,1.6753364e-09,0.99823225
0,0.9999706,1.027573e-08,2.9315283e-05
2,0.76813287,1.0384208e-13,0.23186724
0,0.9998875,2.0932052e-09,0.000112385205
0,0.99996275,8.847292e-12,3.7182308e-05
2,0.022561196,7.200783e-15,0.9774389
2,0.004706261,3.3256797e-09,0.9952937
2,0.00016559406,1.5773214e-13,0.99983454
2,0.0234017,1.2736544e-14,0.97659826
0,0.99915487,2.8732697e-10,0.0008450424
2,0.016415821,6.3904994e-15,0.9835841
2,0.07962434,1.872478e-14,0.92037565
2,0.01859158,8.2513435e-15,0.98140836
0,0.95287484,4.5889065e-10,0.04712513
2,0.03269418,1.0828069e-14,0.96730584
2,7.211193e-06,2.5190596e-07,0.99999243
2,0.024936836,1.4036873e-14,0.9750632
0,0.99327874,4.686367e-14,0.0067211385
2,0.02302339,9.382602e-15,0.9769765
2,0.024316303,7.745254e-15,0.9756836
2,2.154325e-06,1.7025532e-11,0.9999978
2,0.0147483125,1.2204774e-14,0.9852516
2,0.0146959955,5.4892775e-15,0.985304
0,0.9997752,1.3317356e-13,0.00022495176
2,0.019329833,1.3152743e-14,0.9806702
0,0.99273694,4.162706e-14,0.007263115
0,0.8503943,9.701839e-14,0.14960568
2,0.07062717,1.4364307e-13,0.9293728
2,0.023465455,1.29469604e-14,0.9765346
2,0.9985443,2.087942e-13,0.0014556303
0,0.98369586,8.1477326e-14,0.016304068
2,0.017368536,6.402016e-15,0.98263156
2,0.014657518,7.546505e-15,0.9853425
2,0.33594435,6.31061e-14,0.66405565
2,0.07075316,3.6755385e-14,0.9292468
0,0.98910177,5.4749967e-14,0.010898142
0,0.9905661,4.156306e-14,0.009433906
0,0.9908925,4.2190596e-14,0.00910746
2,0.0029008605,7.6654345e-09,0.99709916
0,0.9997275,9.800819e-10,0.0002725956
2,0.014962447,5.338262e-15,0.9850375
0,0.9409597,9.200635e-13,0.059040226
2,0.020966617,9.1492315e-15,0.97903335
2,0.0030998958,2.4760713e-09,0.9969001
0,0.98978657,5.2863733e-14,0.010213391
2,0.02660397,2.34735e-14,0.97339594
2,0.00149094,1.4987926e-09,0.99850905
0,0.9896987,5.3688584e-14,0.010301264
2,0.09514033,3.5286535e-14,0.9048596
2,0.041864492,1.3216517e-14,0.9581356
0,0.9996249,7.038616e-10,0.00037507602
0,0.999512,4.975289e-10,0.00048788384
0,0.79265976,9.412646e-14,0.20734014
0,0.9900173,4.2415686e-14,0.009982651
0,0.97226936,1.9746703e-13,0.02773061
2,0.014438762,6.04121e-15,0.98556113
2,0.013382357,9.034913e-15,0.9866176
0,0.99221563,4.626309e-14,0.007784351
2,0.03748962,1.2289704e-14,0.9625104
0,0.9553198,6.6666095e-13,0.04468015
2,0.018428711,8.010041e-15,0.98157126
2,0.023120113,8.1171786e-15,0.9768798
2,0.017892713,8.8558e-15,0.9821074
2,0.016664634,6.578124e-15,0.9833354
0,0.849918,6.740937e-11,0.1500819
0,0.99987173,3.348434e-13,0.0001283349
0,0.9997332,9.634121e-10,0.00026685902
0,0.99044883,1.3278884e-13,0.009551123
2,1.4369522e-06,8.860798e-12,0.9999985
0,0.9763229,2.110282e-13,0.02367719
0,0.9830039,5.6613327e-14,0.016996045
2,0.015979301,8.438501e-10,0.98402065
2,0.014885868,5.3090462e-15,0.98511404
0,0.933974,6.937152e-14,0.06602603
2,0.88513035,8.840025e-14,0.114869654
2,0.07917741,4.03931e-14,0.92082256
2,0.00510792,3.1255785e-09,0.9948921
2,0.68587977,1.2396115e-10,0.31412017
0,0.9984319,1.0021683e-10,0.0015680395
0,0.98134005,1.3491214e-13,0.01865994
0,0.9999872,1.842176e-07,1.2477334e-05
2,0.0070538665,9.402106e-15,0.9929462
0,0.987574,7.123337e-14,0.012425896
2,0.021116832,1.0374036e-14,0.9788832
2,0.07039431,2.8000951e-14,0.92960554
0,0.9402363,9.085674e-13,0.05976368
2,0.024743443,1.425191e-14,0.9752565
0,0.9861528,8.697367e-14,0.013847059
0,0.996692,8.319426e-14,0.0033078743
0,0.9999953,9.0649943e-13,4.606066e-06
2,0.015248764,8.731897e-10,0.98475116
0,0.9994928,5.057206e-10,0.0005070657
0,0.9869366,4.5180985e-14,0.0130633
2,9.942455e-05,3.3371428e-13,0.9999005
2,0.8222387,8.521147e-12,0.17776136
0,0.9829282,1.8165942e-13,0.01707175
0,0.99924994,9.268197e-14,0.0007500795
0,0.9880144,6.5517544e-14,0.01198554
0,0.98865384,5.972991e-14,0.011346192
0,0.95894617,5.734496e-14,0.041053835
0,0.036679994,4.6070936e-10,0.96331996
0,0.99933034,4.848266e-10,0.0006696056
0,0.8039608,1.8845648e-12,0.19603918
2,1.583871e-05,6.3084364e-11,0.9999841
2,0.005144729,3.4393404e-09,0.9948553
0,0.047379117,1.5922673e-14,0.9526209
0,0.9472691,6.090378e-14,0.052730843
0,0.9999978,9.329111e-13,2.1689948e-06
2,0.018895421,8.422689e-15,0.9811046
2,0.019362163,8.442158e-15,0.9806378
0,0.99724656,8.3054366e-14,0.0027533846
2,0.029747402,1.0755055e-14,0.9702526
2,1.1803303e-05,2.274151e-12,0.99998814
0,0.99936396,3.4742018e-10,0.0006360988
0,0.99141735,4.3247307e-14,0.008582661
0,0.97394955,5.965212e-14,0.02605043
2,0.43171057,1.5983844e-13,0.56828946
0,0.9984656,1.068376e-10,0.0015343627
0,0.011827697,6.823157e-15,0.98817235
0,0.9840563,9.27076e-14,0.015943687
0,0.9993759,3.422233e-10,0.000624144
2,0.13864689,4.7890235e-13,0.86135316
0,0.9736623,2.430376e-13,0.026337741
0,0.9839843,1.011166e-13,0.016015707
0,0.018662391,7.987783e-15,0.98133755
0,0.9239342,1.3136809e-12,0.07606573
0,0.9999953,9.705176e-13,4.612642e-06
0,0.99757767,4.6717935e-11,0.0024222624
2,0.001875565,1.4867317e-13,0.9981244
0,0.98811466,4.3301412e-14,0.011885424
0,0.9652755,4.0198154e-13,0.03472446
0,0.9988029,1.5778076e-10,0.0011971429
2,4.698597e-06,2.753571e-11,0.9999953
0,0.9998634,9.17515e-10,0.0001367003
0,0.9905472,4.0745866e-14,0.009452736
2,0.021597786,7.154269e-15,0.9784021
0,0.99999875,2.8217045e-07,1.0129941e-06
0,0.23363638,1.5359963e-12,0.7663636
2,0.014884101,7.555858e-15,0.98511595
2,7.764463e-06,1.0706683e-11,0.9999922
2,0.02266137,1.1736462e-14,0.97733873
2,0.015481515,5.7123872e-15,0.9845184
0,0.99999756,1.3785505e-12,2.3335115e-06
2,0.027533436,1.0604663e-14,0.97246647
0,0.9415995,8.7102954e-13,0.05840043
2,0.09174387,2.7797868e-14,0.908256
0,0.99895763,1.9449876e-10,0.0010421758
0,0.99968433,8.0006035e-10,0.00031573148
0,0.9906923,4.6102723e-14,0.009307722
0,0.9893357,4.4217187e-14,0.010664257
0,0.9996948,7.3808765e-10,0.00030514316
2,0.0035712165,2.990423e-09,0.9964287
0,0.9914153,4.006922e-14,0.008584654
2,0.06548592,2.3460244e-14,0.93451416
0,0.99994355,6.28657e-12,5.6440043e-05
2,0.039523978,1.0918388e-14,0.960476
2,0.0054794545,4.2922776e-09,0.9945206
0,0.9845536,1.0256081e-13,0.015446371
0,0.97274053,7.4356835e-14,0.027259504
0,0.8966094,2.2456386e-12,0.10339059
2,0.01912473,8.428947e-15,0.98087525
0,0.9952695,8.2773896e-14,0.004730456
0,0.99378014,7.911079e-14,0.0062198243
0,0.9999357,1.2363466e-11,6.419221e-05
2,0.014901785,5.6341604e-15,0.9850982
0,0.77193063,8.30795e-12,0.22806928
2,0.019609336,6.7750316e-15,0.98039067
0,0.9999835,3.0938071e-12,1.6408001e-05
0,0.9999853,2.5747718e-12,1.4700701e-05
2,0.0152780125,5.5138126e-15,0.9847219
0,0.7803391,1.5165237e-12,0.21966094
0,0.9914777,1.1647276e-13,0.008522206
2,0.020569203,1.617531e-14,0.97943074
0,0.9873603,7.254078e-14,0.012639609
0,0.9911574,4.2206866e-14,0.008842669
0,0.9999972,1.1052878e-12,2.7070798e-06
2,0.018274779,6.935712e-15,0.9817251
0,0.9900574,4.3552205e-14,0.009942528
2,4.5825178e-05,5.9084486e-13,0.99995416
2,0.019826451,9.222753e-15,0.9801736
0,0.68468326,7.5915355e-14,0.31531674
2,8.688388e-05,1.3570493e-10,0.99991304
0,0.9997909,4.6485285e-12,0.00020911505
0,0.991421,4.0086878e-14,0.008578924
2,0.019539779,2.952268e-14,0.9804602
2,0.07311806,1.5376417e-13,0.92688197
0,0.9999595,7.576634e-09,4.036712e-05
2,0.09739816,3.0553454e-14,0.9026017
2,0.91089636,2.1113374e-13,0.08910359
2,0.0150897615,6.738576e-12,0.98491025
0,0.9563127,5.2488916e-13,0.043687236
0,0.9757447,2.8131577e-13,0.024255319
2,0.029850498,1.25842575e-14,0.97014946
