409.0,179.0,6.0,-1.0,200,0
450.0,172.0,6.0,-1.0,200,0
492.0,166.0,6.0,-1.0,200,0
527.0,160.0,6.0,-1.0,200,0
569.0,153.0,6.0,-1.0,200,0
610.0,147.0,6.0,-1.0,200,0
646.0,141.0,6.0,-1.0,200,0
687.0,134.0,6.0,-1.0,184,1
723.0,128.0,6.0,-1.0,136,1
764.0,122.0,6.0,-1.0,80,1
728.0,120.0,-7.0,-0.0,64,0
686.0,119.0,-7.0,-0.0,64,0
637.0,118.0,-7.0,-0.0,64,0
595.0,117.0,-7.0,-0.0,64,0
546.0,117.0,-7.0,-0.0,64,0
497.0,116.0,-7.0,-0.0,64,0
455.0,115.0,-7.0,-0.0,64,0
406.0,114.0,-7.0,-0.0,64,0
364.0,113.0,-7.0,-0.0,64,0
315.0,112.0,-7.0,-0.0,64,0
266.0,111.0,-7.0,-0.0,64,0
224.0,110.0,-7.0,-0.0,64,0
175.0,109.0,-7.0,-0.0,64,0
133.0,109.0,-7.0,-0.0,64,0
84.0,108.0,-7.0,-0.0,64,0
42.0,107.0,-7.0,-0.0,64,0
61.0,84.0,7.0,-5.0,64,0
100.0,56.0,7.0,-5.0,64,0
146.0,23.0,7.0,-5.0,64,0
192.0,35.0,7.0,5.0,64,0
231.0,63.0,7.0,5.0,72,-1
276.0,95.0,7.0,5.0,128,-1
315.0,123.0,7.0,5.0,176,-1
361.0,156.0,7.0,5.0,232,-1
407.0,188.0,7.0,5.0,288,-1
446.0,216.0,7.0,5.0,336,-1
492.0,248.0,7.0,5.0,392,0
531.0,276.0,7.0,5.0,392,0
576.0,309.0,7.0,5.0,392,0
622.0,341.0,7.0,5.0,392,0
661.0,369.0,7.0,5.0,392,0
700.0,397.0,7.0,5.0,392,0
746.0,429.0,7.0,5.0,392,0
745.0,450.0,-9.0,1.0,392,0
691.0,455.0,-9.0,1.0,392,0
628.0,460.0,-9.0,1.0,392,0
575.0,465.0,-9.0,1.0,392,0
512.0,470.0,-9.0,1.0,400,-1
449.0,476.0,-9.0,1.0,400,-1
395.0,480.0,-9.0,1.0,400,0
333.0,486.0,-9.0,1.0,400,0
279.0,486.0,-9.0,-1.0,400,0
216.0,480.0,-9.0,-1.0,384,1
162.0,476.0,-9.0,-1.0,352,0
99.0,470.0,-9.0,-1.0,352,0
37.0,465.0,-9.0,-1.0,352,0
77.0,475.0,10.0,2.0,352,0
145.0,488.0,10.0,-2.0,352,0
204.0,475.0,10.0,-2.0,352,0
272.0,460.0,10.0,-2.0,328,0
330.0,447.0,10.0,-2.0,328,0
399.0,432.0,10.0,-2.0,328,0
457.0,419.0,10.0,-2.0,328,0
526.0,404.0,10.0,-2.0,328,0
584.0,391.0,10.0,-2.0,328,0
653.0,376.0,10.0,-2.0,328,0
711.0,363.0,10.0,-2.0,328,0
759.0,348.0,-11.0,-2.0,304,1
683.0,333.0,-11.0,-2.0,248,1
619.0,321.0,-11.0,-2.0,200,1
543.0,306.0,-11.0,-2.0,144,1
467.0,291.0,-11.0,-2.0,136,0
403.0,279.0,-11.0,-2.0,136,0
338.0,266.0,-11.0,-2.0,136,0
262.0,251.0,-11.0,-2.0,136,0
197.0,239.0,-11.0,-2.0,136,0
122.0,224.0,-11.0,-2.0,136,0
46.0,210.0,-11.0,-2.0,136,0
72.0,196.0,12.0,-2.0,136,0
154.0,180.0,12.0,-2.0,136,0
225.0,165.0,12.0,-2.0,136,0
307.0,149.0,12.0,-2.0,104,1
378.0,135.0,12.0,-2.0,56,1
460.0,118.0,12.0,-2.0,0,1
542.0,102.0,12.0,-2.0,0,0
613.0,88.0,12.0,-2.0,0,0
684.0,74.0,12.0,-2.0,0,0
766.0,57.0,12.0,-2.0,0,0
700.0,61.0,-13.0,1.0,16,-1
622.0,67.0,-13.0,1.0,64,-1
532.0,74.0,-13.0,1.0,120,-1
441.0,81.0,-13.0,1.0,128,0
363.0,87.0,-13.0,1.0,128,0
272.0,94.0,-13.0,1.0,128,0
195.0,100.0,-13.0,1.0,128,0
104.0,107.0,-13.0,1.0,128,0
26.0,113.0,13.0,-5.0,128,0
117.0,76.0,13.0,-5.0,128,0
195.0,44.0,13.0,-5.0,128,0
298.0,23.0,13.0,5.0,128,0
376.0,54.0,13.0,5.0,96,0
467.0,91.0,13.0,5.0,96,-1
544.0,123.0,13.0,5.0,144,-1
635.0,160.0,13.0,5.0,192,0
726.0,197.0,13.0,5.0,192,0
748.0,215.0,-15.0,-2.0,160,1
644.0,203.0,-15.0,-2.0,104,1
554.0,193.0,-15.0,-2.0,56,1
450.0,180.0,-15.0,-2.0,48,0
361.0,170.0,-15.0,-2.0,80,-1
256.0,158.0,-15.0,-2.0,136,-1
167.0,147.0,-15.0,-2.0,152,0
63.0,135.0,-15.0,-2.0,152,0
62.0,112.0,15.0,-6.0,152,0
166.0,71.0,15.0,-6.0,152,0
271.0,29.0,15.0,-6.0,152,0
360.0,30.0,15.0,6.0,152,0
464.0,71.0,15.0,6.0,136,0
553.0,107.0,15.0,6.0,136,0
657.0,148.0,15.0,6.0,152,-1
746.0,184.0,15.0,6.0,176,0
701.0,156.0,-15.0,-8.0,168,1
610.0,109.0,-15.0,-8.0,120,1
504.0,54.0,-15.0,-8.0,104,0
414.0,12.0,-15.0,8.0,104,0
308.0,67.0,-15.0,8.0,144,-1
203.0,122.0,-15.0,8.0,200,-1
112.0,169.0,-15.0,8.0,208,0
39.0,211.0,17.0,-5.0,208,0
143.0,181.0,17.0,-5.0,208,0
264.0,145.0,17.0,-5.0,208,0
385.0,110.0,17.0,-5.0,208,0
488.0,80.0,17.0,-5.0,192,1
609.0,44.0,17.0,-5.0,136,1
730.0,17.0,17.0,5.0,80,1
409.0,238.0,5.0,-2.0,32,1
443.0,227.0,5.0,-2.0,0,1
471.0,217.0,5.0,-2.0,0,0
504.0,206.0,5.0,-2.0,0,0
533.0,197.0,5.0,-2.0,0,-1
566.0,186.0,5.0,-2.0,56,-1
599.0,175.0,5.0,-2.0,88,0
628.0,165.0,5.0,-2.0,88,0
656.0,156.0,5.0,-2.0,88,0
689.0,145.0,5.0,-2.0,88,0
718.0,135.0,5.0,-2.0,88,0
751.0,124.0,5.0,-2.0,88,0
752.0,117.0,-6.0,-0.0,48,1
716.0,114.0,-6.0,-0.0,0,1
674.0,111.0,-6.0,-0.0,0,1
638.0,109.0,-6.0,-0.0,0,0
596.0,106.0,-6.0,-0.0,0,0
561.0,104.0,-6.0,-0.0,0,0
519.0,101.0,-6.0,-0.0,0,0
483.0,98.0,-6.0,-0.0,0,0
441.0,96.0,-6.0,-0.0,0,0
405.0,93.0,-6.0,-0.0,0,0
363.0,90.0,-6.0,-0.0,0,0
321.0,88.0,-6.0,-0.0,0,0
285.0,85.0,-6.0,-0.0,0,0
243.0,82.0,-6.0,-0.0,0,0
207.0,80.0,-6.0,-0.0,0,0
165.0,77.0,-6.0,-0.0,0,0
129.0,75.0,-6.0,-0.0,0,0
88.0,72.0,-6.0,-0.0,0,0
46.0,69.0,-6.0,-0.0,0,0
48.0,74.0,7.0,2.0,0,0
95.0,87.0,7.0,2.0,0,0
135.0,99.0,7.0,2.0,0,0
176.0,111.0,7.0,2.0,0,0
223.0,124.0,7.0,2.0,48,-1
270.0,138.0,7.0,2.0,104,-1
310.0,149.0,7.0,2.0,152,-1
357.0,163.0,7.0,2.0,168,0
398.0,175.0,7.0,2.0,168,0
445.0,188.0,7.0,2.0,168,0
485.0,200.0,7.0,2.0,168,0
532.0,213.0,7.0,2.0,192,-1
573.0,225.0,7.0,2.0,240,-1
620.0,239.0,7.0,2.0,240,0
660.0,250.0,7.0,2.0,240,0
707.0,264.0,7.0,2.0,240,0
747.0,275.0,7.0,2.0,240,0
742.0,280.0,-8.0,-1.0,208,1
695.0,275.0,-8.0,-1.0,160,1
639.0,269.0,-8.0,-1.0,104,1
583.0,263.0,-8.0,-1.0,88,0
536.0,258.0,-8.0,-1.0,88,0
488.0,253.0,-8.0,-1.0,88,0
432.0,247.0,-8.0,-1.0,144,-1
385.0,242.0,-8.0,-1.0,192,-1
329.0,236.0,-8.0,-1.0,208,0
273.0,230.0,-8.0,-1.0,200,1
225.0,225.0,-8.0,-1.0,152,1
170.0,219.0,-8.0,-1.0,104,0
122.0,214.0,-8.0,-1.0,104,0
66.0,208.0,-8.0,-1.0,104,0
44.0,208.0,9.0,2.0,104,0
105.0,225.0,9.0,2.0,104,0
165.0,242.0,9.0,2.0,104,0
217.0,256.0,9.0,2.0,144,-1
278.0,273.0,9.0,2.0,200,-1
330.0,288.0,9.0,2.0,248,-1
391.0,305.0,9.0,2.0,304,-1
443.0,319.0,9.0,2.0,352,-1
503.0,336.0,9.0,2.0,400,-1
555.0,351.0,9.0,2.0,400,0
616.0,368.0,9.0,2.0,400,0
677.0,385.0,9.0,2.0,400,0
729.0,399.0,9.0,2.0,400,0
762.0,409.0,-10.0,-2.0,368,1
694.0,393.0,-10.0,-2.0,312,1
626.0,376.0,-10.0,-2.0,256,1
568.0,362.0,-10.0,-2.0,208,1
500.0,346.0,-10.0,-2.0,200,0
441.0,332.0,-10.0,-2.0,200,0
373.0,316.0,-10.0,-2.0,200,0
305.0,300.0,-10.0,-2.0,200,0
247.0,286.0,-10.0,-2.0,200,0
188.0,272.0,-10.0,-2.0,200,0
120.0,256.0,-10.0,-2.0,200,0
52.0,240.0,-10.0,-2.0,200,0
46.0,206.0,7.0,-9.0,200,0
91.0,150.0,7.0,-9.0,200,0
143.0,84.0,7.0,-9.0,192,1
196.0,19.0,7.0,-9.0,136,1
241.0,59.0,7.0,9.0,128,-1
293.0,125.0,7.0,9.0,184,-1
338.0,181.0,7.0,9.0,232,-1
390.0,246.0,7.0,9.0,288,-1
435.0,303.0,7.0,9.0,304,0
488.0,368.0,7.0,9.0,304,0
540.0,434.0,7.0,9.0,304,0
585.0,488.0,7.0,-9.0,304,0
637.0,422.0,7.0,-9.0,304,0
682.0,366.0,7.0,-9.0,304,0
735.0,300.0,7.0,-9.0,288,1
752.0,237.0,-10.0,-8.0,232,1
693.0,187.0,-10.0,-8.0,184,1
633.0,137.0,-10.0,-8.0,136,1
563.0,78.0,-10.0,-8.0,80,1
503.0,28.0,-10.0,-8.0,80,-1
434.0,54.0,-10.0,8.0,136,-1
374.0,104.0,-10.0,8.0,184,-1
304.0,162.0,-10.0,8.0,224,0
244.0,213.0,-10.0,8.0,224,0
175.0,271.0,-10.0,8.0,224,0
105.0,329.0,-10.0,8.0,224,0
45.0,380.0,-10.0,8.0,224,0
81.0,391.0,14.0,-1.0,224,0
179.0,383.0,14.0,-1.0,224,0
262.0,375.0,14.0,-1.0,224,0
360.0,366.0,14.0,-1.0,224,-1
444.0,359.0,14.0,-1.0,272,-1
541.0,350.0,14.0,-1.0,280,0
625.0,343.0,14.0,-1.0,280,0
722.0,334.0,14.0,-1.0,272,1
741.0,355.0,-12.0,9.0,216,1
668.0,406.0,-12.0,9.0,168,1
594.0,458.0,-12.0,9.0,120,1
508.0,462.0,-12.0,-9.0,96,0
434.0,411.0,-12.0,-9.0,128,-1
348.0,350.0,-12.0,-9.0,184,-1
275.0,299.0,-12.0,-9.0,232,-1
176.0,230.0,-12.0,-9.0,296,-1
103.0,178.0,-12.0,-9.0,320,0
45.0,126.0,16.0,-1.0,320,0
157.0,120.0,16.0,-1.0,320,0
268.0,114.0,16.0,-1.0,320,0
364.0,108.0,16.0,-1.0,288,1
476.0,102.0,16.0,-1.0,232,1
572.0,97.0,16.0,-1.0,184,1
684.0,91.0,16.0,-1.0,128,1
767.0,75.0,-13.0,-11.0,72,1
688.0,12.0,-13.0,11.0,24,1
597.0,88.0,-13.0,11.0,0,1
518.0,153.0,-13.0,11.0,16,-1
427.0,229.0,-13.0,11.0,72,-1
348.0,295.0,-13.0,11.0,120,-1
257.0,371.0,-13.0,11.0,144,0
179.0,436.0,-13.0,11.0,144,0
87.0,466.0,-13.0,-11.0,144,0
58.0,408.0,18.0,-2.0,144,0
165.0,398.0,18.0,-2.0,144,0
273.0,388.0,18.0,-2.0,144,0
398.0,376.0,18.0,-2.0,152,-1
523.0,364.0,18.0,-2.0,208,-1
631.0,353.0,18.0,-2.0,256,-1
756.0,341.0,18.0,-2.0,304,0
680.0,330.0,-19.0,-2.0,256,1
548.0,316.0,-19.0,-2.0,200,1
434.0,304.0,-19.0,-2.0,152,1
302.0,290.0,-19.0,-2.0,136,0
170.0,276.0,-19.0,-2.0,136,0
56.0,265.0,-19.0,-2.0,136,0
114.0,290.0,19.0,6.0,136,0
229.0,324.0,19.0,6.0,136,0
363.0,365.0,19.0,6.0,136,0
478.0,400.0,19.0,6.0,168,-1
612.0,440.0,19.0,6.0,224,-1
727.0,475.0,19.0,6.0,272,-1
415.0,317.0,5.0,-0.0,328,-1
445.0,317.0,5.0,-0.0,352,0
480.0,317.0,5.0,-0.0,352,1
510.0,317.0,5.0,-0.0,304,1
545.0,316.0,5.0,-0.0,280,0
575.0,316.0,5.0,-0.0,280,0
610.0,316.0,5.0,-0.0,280,0
645.0,316.0,5.0,-0.0,280,0
675.0,315.0,5.0,-0.0,280,0
705.0,315.0,5.0,-0.0,280,0
740.0,315.0,5.0,-0.0,280,0
764.0,315.0,-6.0,0.0,256,1
728.0,315.0,-6.0,0.0,208,1
686.0,315.0,-6.0,0.0,152,1
650.0,316.0,-6.0,0.0,136,0
608.0,316.0,-6.0,0.0,136,0
572.0,316.0,-6.0,0.0,136,0
530.0,317.0,-6.0,0.0,184,-1
494.0,317.0,-6.0,0.0,232,-1
452.0,317.0,-6.0,0.0,280,0
410.0,318.0,-6.0,0.0,280,0
374.0,318.0,-6.0,0.0,280,0
332.0,318.0,-6.0,0.0,256,1
296.0,319.0,-6.0,0.0,208,1
254.0,319.0,-6.0,0.0,152,1
218.0,319.0,-6.0,0.0,112,0
176.0,320.0,-6.0,0.0,112,0
140.0,320.0,-6.0,0.0,112,0
98.0,321.0,-6.0,0.0,120,-1
56.0,321.0,-6.0,0.0,176,-1
33.0,322.0,7.0,1.0,224,-1
82.0,327.0,7.0,1.0,272,0
123.0,332.0,7.0,1.0,272,0
172.0,338.0,7.0,1.0,272,0
214.0,342.0,7.0,1.0,272,0
263.0,348.0,7.0,1.0,280,-1
311.0,353.0,7.0,1.0,336,-1
360.0,359.0,7.0,1.0,376,0
402.0,364.0,7.0,1.0,376,0
450.0,369.0,7.0,1.0,376,0
499.0,375.0,7.0,1.0,376,0
541.0,379.0,7.0,1.0,376,0
589.0,385.0,7.0,1.0,376,0
631.0,389.0,7.0,1.0,376,0
673.0,394.0,7.0,1.0,376,0
722.0,400.0,7.0,1.0,376,0
770.0,405.0,-8.0,-1.0,360,1
722.0,402.0,-8.0,-1.0,312,1
667.0,397.0,-8.0,-1.0,256,1
619.0,394.0,-8.0,-1.0,208,1
555.0,389.0,-8.0,-1.0,200,0
507.0,385.0,-8.0,-1.0,200,0
451.0,381.0,-8.0,-1.0,240,-1
403.0,378.0,-8.0,-1.0,288,-1
347.0,373.0,-8.0,-1.0,320,0
300.0,370.0,-8.0,-1.0,320,0
244.0,366.0,-8.0,-1.0,320,0
188.0,361.0,-8.0,-1.0,320,0
140.0,358.0,-8.0,-1.0,320,0
84.0,353.0,-8.0,-1.0,320,0
36.0,350.0,-8.0,-1.0,320,0
82.0,345.0,9.0,-1.0,312,1
145.0,341.0,9.0,-1.0,256,1
199.0,337.0,9.0,-1.0,216,0
262.0,332.0,9.0,-1.0,216,0
316.0,328.0,9.0,-1.0,216,0
369.0,324.0,9.0,-1.0,216,0
432.0,319.0,9.0,-1.0,216,0
495.0,315.0,9.0,-1.0,216,0
549.0,311.0,9.0,-1.0,216,0
612.0,306.0,9.0,-1.0,216,0
666.0,302.0,9.0,-1.0,216,0
728.0,297.0,9.0,-1.0,224,-1
764.0,291.0,-10.0,-3.0,272,-1
697.0,269.0,-10.0,-3.0,328,-1
631.0,248.0,-10.0,-3.0,384,-1
574.0,229.0,-10.0,-3.0,400,-1
507.0,207.0,-10.0,-3.0,400,-1
450.0,189.0,-10.0,-3.0,400,0
383.0,167.0,-10.0,-3.0,400,0
317.0,145.0,-10.0,-3.0,344,1
260.0,127.0,-10.0,-3.0,296,1
193.0,105.0,-10.0,-3.0,240,1
127.0,84.0,-10.0,-3.0,184,1
70.0,65.0,-10.0,-3.0,144,0
54.0,51.0,11.0,-1.0,144,0
130.0,44.0,11.0,-1.0,144,0
207.0,38.0,11.0,-1.0,144,0
273.0,32.0,11.0,-1.0,136,1
349.0,26.0,11.0,-1.0,80,1
415.0,20.0,11.0,-1.0,32,1
492.0,12.0,11.0,1.0,0,1
569.0,12.0,11.0,1.0,0,1
634.0,12.0,11.0,1.0,0,0
711.0,12.0,11.0,1.0,0,0
777.0,12.0,-10.0,-7.0,0,0
707.0,52.0,-10.0,7.0,48,-1
648.0,93.0,-10.0,7.0,96,-1
578.0,140.0,-10.0,7.0,152,-1
509.0,187.0,-10.0,7.0,208,-1
449.0,228.0,-10.0,7.0,256,-1
390.0,268.0,-10.0,7.0,304,-1
320.0,316.0,-10.0,7.0,336,0
251.0,363.0,-10.0,7.0,336,0
191.0,403.0,-10.0,7.0,336,0
122.0,450.0,-10.0,7.0,336,0
52.0,481.0,-10.0,-7.0,336,0
61.0,468.0,13.0,2.0,336,0
151.0,483.0,13.0,2.0,328,1
228.0,481.0,13.0,-2.0,280,1
317.0,466.0,13.0,-2.0,256,0
394.0,452.0,13.0,-2.0,264,-1
484.0,437.0,13.0,-2.0,320,0
561.0,423.0,13.0,-2.0,320,0
650.0,407.0,13.0,-2.0,320,0
740.0,392.0,13.0,-2.0,320,0
737.0,395.0,-14.0,3.0,296,1
642.0,418.0,-14.0,3.0,272,0
560.0,437.0,-14.0,3.0,272,0
465.0,460.0,-14.0,3.0,272,0
383.0,480.0,-14.0,3.0,304,-1
288.0,475.0,-14.0,-3.0,360,-1
206.0,455.0,-14.0,-3.0,400,0
111.0,432.0,-14.0,-3.0,400,0
42.0,405.0,13.0,-8.0,400,0
117.0,355.0,13.0,-8.0,400,1
205.0,297.0,13.0,-8.0,344,1
280.0,247.0,13.0,-8.0,296,1
367.0,190.0,13.0,-8.0,240,1
455.0,132.0,13.0,-8.0,184,1
543.0,74.0,13.0,-8.0,128,1
618.0,24.0,13.0,-8.0,80,1
705.0,53.0,13.0,8.0,88,-1
780.0,103.0,-14.0,-8.0,88,0
685.0,44.0,-14.0,-8.0,88,0
589.0,37.0,-14.0,8.0,88,0
508.0,87.0,-14.0,8.0,88,0
412.0,146.0,-14.0,8.0,128,-1
330.0,196.0,-14.0,8.0,176,-1
248.0,246.0,-14.0,8.0,224,-1
153.0,305.0,-14.0,8.0,240,0
58.0,363.0,-14.0,8.0,200,1
87.0,342.0,14.0,-10.0,152,1
199.0,266.0,14.0,-10.0,88,1
284.0,209.0,14.0,-10.0,88,0
382.0,142.0,14.0,-10.0,64,1
467.0,85.0,14.0,-10.0,24,0
565.0,18.0,14.0,-10.0,24,0
650.0,60.0,14.0,10.0,56,-1
748.0,126.0,14.0,10.0,112,-1
710.0,118.0,-17.0,-7.0,120,0
593.0,71.0,-17.0,-7.0,136,0
476.0,23.0,-17.0,-7.0,136,0
376.0,39.0,-17.0,7.0,112,1
260.0,87.0,-17.0,7.0,56,1
160.0,127.0,-17.0,7.0,8,1
43.0,175.0,-17.0,7.0,0,0
121.0,187.0,19.0,1.0,0,0
254.0,195.0,19.0,1.0,0,0
387.0,202.0,19.0,1.0,48,-1
500.0,209.0,19.0,1.0,96,-1
614.0,215.0,19.0,1.0,144,-1
747.0,223.0,19.0,1.0,184,0
706.0,214.0,-20.0,-3.0,160,1
567.0,194.0,-20.0,-3.0,104,1
429.0,174.0,-20.0,-3.0,48,1
310.0,157.0,-20.0,-3.0,40,0
171.0,138.0,-20.0,-3.0,48,-1
52.0,121.0,-20.0,-3.0,48,0
110.0,155.0,19.0,8.0,48,0
226.0,204.0,19.0,8.0,48,-1
381.0,268.0,19.0,8.0,112,-1
497.0,317.0,19.0,8.0,160,-1
633.0,373.0,19.0,8.0,216,-1
750.0,421.0,19.0,8.0,264,-1
379.0,435.0,-4.0,-3.0,320,-1
354.0,418.0,-4.0,-3.0,360,0
325.0,399.0,-4.0,-3.0,352,1
296.0,380.0,-4.0,-3.0,296,1
271.0,363.0,-4.0,-3.0,248,1
246.0,347.0,-4.0,-3.0,200,0
217.0,327.0,-4.0,-3.0,200,0
187.0,308.0,-4.0,-3.0,200,0
162.0,291.0,-4.0,-3.0,200,0
133.0,272.0,-4.0,-3.0,200,0
108.0,256.0,-4.0,-3.0,200,0
79.0,236.0,-4.0,-3.0,200,0
50.0,217.0,-4.0,-3.0,200,0
34.0,206.0,6.0,2.0,200,0
73.0,222.0,6.0,2.0,200,0
106.0,236.0,6.0,2.0,200,0
145.0,252.0,6.0,2.0,200,0
178.0,266.0,6.0,2.0,232,-1
217.0,282.0,6.0,2.0,288,-1
256.0,298.0,6.0,2.0,344,-1
289.0,312.0,6.0,2.0,392,-1
322.0,326.0,6.0,2.0,400,0
361.0,342.0,6.0,2.0,400,0
400.0,358.0,6.0,2.0,400,0
433.0,372.0,6.0,2.0,400,0
472.0,388.0,6.0,2.0,400,0
505.0,402.0,6.0,2.0,400,0
544.0,418.0,6.0,2.0,400,0
577.0,432.0,6.0,2.0,400,0
616.0,449.0,6.0,2.0,400,0
654.0,465.0,6.0,2.0,400,0
688.0,479.0,6.0,2.0,400,0
726.0,483.0,6.0,-2.0,400,0
760.0,469.0,6.0,-2.0,400,0
737.0,473.0,-7.0,2.0,400,0
696.0,483.0,-7.0,2.0,360,1
648.0,483.0,-7.0,-2.0,304,1
607.0,473.0,-7.0,-2.0,256,1
559.0,462.0,-7.0,-2.0,200,1
519.0,452.0,-7.0,-2.0,152,1
471.0,441.0,-7.0,-2.0,128,0
423.0,430.0,-7.0,-2.0,136,-1
382.0,420.0,-7.0,-2.0,184,-1
335.0,409.0,-7.0,-2.0,240,-1
294.0,399.0,-7.0,-2.0,272,0
246.0,388.0,-7.0,-2.0,272,0
205.0,378.0,-7.0,-2.0,272,0
158.0,367.0,-7.0,-2.0,272,0
110.0,355.0,-7.0,-2.0,272,0
69.0,346.0,-7.0,-2.0,272,0
28.0,336.0,8.0,-0.0,272,0
84.0,334.0,8.0,-0.0,272,0
140.0,332.0,8.0,-0.0,272,0
188.0,331.0,8.0,-0.0,240,1
244.0,329.0,8.0,-0.0,192,0
292.0,327.0,8.0,-0.0,192,0
348.0,325.0,8.0,-0.0,200,-1
404.0,323.0,8.0,-0.0,256,-1
452.0,322.0,8.0,-0.0,304,0
508.0,320.0,8.0,-0.0,304,0
556.0,318.0,8.0,-0.0,304,0
612.0,316.0,8.0,-0.0,304,0
668.0,314.0,8.0,-0.0,304,0
716.0,313.0,8.0,-0.0,304,0
772.0,311.0,-9.0,-3.0,280,1
720.0,295.0,-9.0,-3.0,232,1
660.0,277.0,-9.0,-3.0,176,1
608.0,261.0,-9.0,-3.0,128,1
548.0,242.0,-9.0,-3.0,72,1
497.0,226.0,-9.0,-3.0,48,0
436.0,208.0,-9.0,-3.0,48,-1
385.0,192.0,-9.0,-3.0,96,-1
325.0,173.0,-9.0,-3.0,152,-1
264.0,155.0,-9.0,-3.0,208,-1
213.0,139.0,-9.0,-3.0,256,-1
152.0,121.0,-9.0,-3.0,264,0
101.0,105.0,-9.0,-3.0,264,0
41.0,86.0,-9.0,-3.0,264,0
52.0,48.0,7.0,-8.0,264,0
101.0,37.0,7.0,8.0,240,1
150.0,97.0,7.0,8.0,184,1
192.0,148.0,7.0,8.0,144,0
234.0,199.0,7.0,8.0,184,-1
283.0,258.0,7.0,8.0,240,-1
332.0,318.0,7.0,8.0,296,-1
374.0,368.0,7.0,8.0,328,0
422.0,428.0,7.0,8.0,328,0
464.0,479.0,7.0,8.0,312,1
513.0,446.0,7.0,-8.0,256,1
562.0,386.0,7.0,-8.0,200,1
611.0,327.0,7.0,-8.0,184,0
653.0,276.0,7.0,-8.0,184,0
702.0,216.0,7.0,-8.0,168,1
744.0,165.0,7.0,-8.0,120,1
737.0,128.0,-12.0,-1.0,64,1
653.0,119.0,-12.0,-1.0,8,1
581.0,112.0,-12.0,-1.0,0,1
498.0,104.0,-12.0,-1.0,0,0
426.0,96.0,-12.0,-1.0,48,-1
343.0,88.0,-12.0,-1.0,104,-1
271.0,80.0,-12.0,-1.0,152,-1
187.0,72.0,-12.0,-1.0,208,-1
104.0,63.0,-12.0,-1.0,264,-1
32.0,56.0,-12.0,-1.0,288,0
82.0,36.0,12.0,-4.0,288,0
169.0,16.0,12.0,4.0,288,0
244.0,39.0,12.0,4.0,288,0
331.0,66.0,12.0,4.0,256,1
418.0,93.0,12.0,4.0,200,1
492.0,116.0,12.0,4.0,152,1
579.0,143.0,12.0,4.0,104,0
654.0,166.0,12.0,4.0,104,0
741.0,192.0,12.0,4.0,120,-1
736.0,210.0,-14.0,2.0,168,-1
640.0,226.0,-14.0,2.0,224,-1
557.0,239.0,-14.0,2.0,272,-1
460.0,254.0,-14.0,2.0,328,-1
377.0,267.0,-14.0,2.0,376,-1
280.0,282.0,-14.0,2.0,384,0
197.0,295.0,-14.0,2.0,384,0
100.0,310.0,-14.0,2.0,376,1
55.0,303.0,12.0,-9.0,320,1
127.0,250.0,12.0,-9.0,272,1
212.0,187.0,12.0,-9.0,216,1
284.0,134.0,12.0,-9.0,168,1
368.0,71.0,12.0,-9.0,144,-1
453.0,12.0,12.0,9.0,200,-1
525.0,66.0,12.0,9.0,232,0
609.0,128.0,12.0,9.0,232,0
682.0,182.0,12.0,9.0,232,0
754.0,235.0,12.0,9.0,192,1
705.0,287.0,-15.0,7.0,136,1
603.0,333.0,-15.0,7.0,80,1
516.0,373.0,-15.0,7.0,32,1
414.0,419.0,-15.0,7.0,32,-1
327.0,459.0,-15.0,7.0,80,-1
225.0,475.0,-15.0,-7.0,136,-1
138.0,435.0,-15.0,-7.0,184,-1
36.0,388.0,-15.0,-7.0,240,-1
106.0,376.0,17.0,-1.0,240,0
208.0,369.0,17.0,-1.0,240,0
327.0,361.0,17.0,-1.0,240,0
445.0,352.0,17.0,-1.0,248,-1
547.0,345.0,17.0,-1.0,296,-1
666.0,337.0,17.0,-1.0,320,0
784.0,329.0,-18.0,-3.0,288,1
660.0,312.0,-18.0,-3.0,232,1
553.0,297.0,-18.0,-3.0,184,1
428.0,279.0,-18.0,-3.0,128,1
321.0,264.0,-18.0,-3.0,80,0
196.0,246.0,-18.0,-3.0,80,0
89.0,231.0,-18.0,-3.0,80,0
69.0,197.0,17.0,-8.0,80,-1
189.0,139.0,17.0,-8.0,136,-1
292.0,90.0,17.0,-8.0,184,-1
412.0,32.0,17.0,-8.0,168,1
514.0,37.0,17.0,8.0,136,0
634.0,94.0,17.0,8.0,136,0
737.0,144.0,17.0,8.0,128,1
671.0,158.0,-20.0,-1.0,72,1
531.0,154.0,-20.0,-1.0,16,1
411.0,151.0,-20.0,-1.0,0,0
291.0,148.0,-20.0,-1.0,8,-1
151.0,144.0,-20.0,-1.0,64,-1
52.0,145.0,21.0,4.0,120,-1
176.0,167.0,21.0,4.0,168,-1
321.0,192.0,21.0,4.0,208,0
445.0,214.0,21.0,4.0,208,0
590.0,239.0,21.0,4.0,208,0
714.0,261.0,21.0,4.0,224,-1
695.0,237.0,-20.0,-9.0,272,0
574.0,185.0,-20.0,-9.0,288,-1
433.0,124.0,-20.0,-9.0,336,0
291.0,62.0,-20.0,-9.0,336,0
150.0,21.0,-20.0,9.0,336,0
29.0,73.0,18.0,-14.0,320,1
158.0,40.0,18.0,14.0,264,1
287.0,136.0,18.0,14.0,208,1
397.0,219.0,18.0,14.0,160,1
526.0,315.0,18.0,14.0,120,0
637.0,398.0,18.0,14.0,160,-1
766.0,488.0,18.0,-14.0,216,-1
416.0,220.0,4.0,-3.0,264,-1
444.0,199.0,4.0,-3.0,320,-1
468.0,181.0,4.0,-3.0,328,0
496.0,160.0,4.0,-3.0,280,1
521.0,143.0,4.0,-3.0,232,1
549.0,122.0,4.0,-3.0,176,1
573.0,104.0,4.0,-3.0,128,1
601.0,83.0,4.0,-3.0,72,1
629.0,62.0,4.0,-3.0,16,1
653.0,44.0,4.0,-3.0,8,0
681.0,24.0,4.0,-3.0,8,0
705.0,12.0,4.0,3.0,8,0
734.0,12.0,4.0,3.0,8,0
758.0,12.0,4.0,3.0,8,0
750.0,22.0,-5.0,3.0,0,1
720.0,42.0,-5.0,3.0,0,1
685.0,66.0,-5.0,3.0,0,1
656.0,86.0,-5.0,3.0,0,0
621.0,110.0,-5.0,3.0,0,0
591.0,130.0,-5.0,3.0,0,0
556.0,154.0,-5.0,3.0,32,-1
527.0,174.0,-5.0,3.0,80,-1
492.0,197.0,-5.0,3.0,136,-1
457.0,221.0,-5.0,3.0,192,-1
427.0,241.0,-5.0,3.0,240,-1
398.0,262.0,-5.0,3.0,272,0
363.0,285.0,-5.0,3.0,272,0
328.0,309.0,-5.0,3.0,272,0
298.0,329.0,-5.0,3.0,272,0
264.0,353.0,-5.0,3.0,272,0
229.0,376.0,-5.0,3.0,272,0
199.0,396.0,-5.0,3.0,272,0
164.0,420.0,-5.0,3.0,272,0
135.0,440.0,-5.0,3.0,272,0
100.0,464.0,-5.0,3.0,272,0
65.0,488.0,-5.0,3.0,272,0
35.0,471.0,-5.0,-3.0,272,0
67.0,488.0,6.0,-4.0,272,0
109.0,463.0,6.0,-4.0,272,0
145.0,442.0,6.0,-4.0,296,-1
187.0,417.0,6.0,-4.0,352,-1
224.0,396.0,6.0,-4.0,376,0
272.0,368.0,6.0,-4.0,320,1
308.0,346.0,6.0,-4.0,272,1
350.0,322.0,6.0,-4.0,216,1
387.0,300.0,6.0,-4.0,168,1
429.0,276.0,6.0,-4.0,112,1
471.0,251.0,6.0,-4.0,56,1
507.0,230.0,6.0,-4.0,32,0
550.0,205.0,6.0,-4.0,32,0
586.0,183.0,6.0,-4.0,32,0
628.0,159.0,6.0,-4.0,32,0
664.0,137.0,6.0,-4.0,32,0
707.0,113.0,6.0,-4.0,32,0
749.0,88.0,6.0,-4.0,56,-1
785.0,67.0,6.0,-4.0,104,-1
370.0,197.0,-5.0,0.0,160,-1
340.0,198.0,-5.0,0.0,208,-1
305.0,200.0,-5.0,0.0,264,-1
275.0,201.0,-5.0,0.0,280,0
240.0,203.0,-5.0,0.0,256,1
210.0,204.0,-5.0,0.0,208,1
175.0,205.0,-5.0,0.0,152,1
145.0,207.0,-5.0,0.0,112,0
110.0,208.0,-5.0,0.0,112,0
75.0,210.0,-5.0,0.0,112,0
45.0,211.0,-5.0,0.0,112,0
52.0,221.0,6.0,2.0,112,0
85.0,235.0,6.0,2.0,112,0
119.0,250.0,6.0,2.0,112,0
157.0,266.0,6.0,2.0,144,-1
196.0,283.0,6.0,2.0,200,-1
229.0,297.0,6.0,2.0,248,-1
267.0,313.0,6.0,2.0,304,-1
301.0,328.0,6.0,2.0,352,-1
339.0,344.0,6.0,2.0,400,-1
372.0,358.0,6.0,2.0,400,0
411.0,375.0,6.0,2.0,400,0
449.0,392.0,6.0,2.0,400,0
483.0,406.0,6.0,2.0,400,0
521.0,422.0,6.0,2.0,400,0
554.0,436.0,6.0,2.0,400,0
587.0,451.0,6.0,2.0,400,0
626.0,467.0,6.0,2.0,400,0
664.0,484.0,6.0,2.0,400,0
698.0,479.0,6.0,-2.0,400,0
736.0,462.0,6.0,-2.0,400,0
769.0,448.0,-7.0,-0.0,400,0
720.0,446.0,-7.0,-0.0,400,0
678.0,445.0,-7.0,-0.0,400,0
629.0,443.0,-7.0,-0.0,400,0
580.0,441.0,-7.0,-0.0,392,1
538.0,440.0,-7.0,-0.0,344,1
489.0,438.0,-7.0,-0.0,288,1
440.0,436.0,-7.0,-0.0,248,0
391.0,435.0,-7.0,-0.0,248,0
350.0,433.0,-7.0,-0.0,248,0
301.0,432.0,-7.0,-0.0,248,0
252.0,430.0,-7.0,-0.0,248,0
210.0,428.0,-7.0,-0.0,248,0
161.0,427.0,-7.0,-0.0,248,0
119.0,425.0,-7.0,-0.0,248,0
70.0,424.0,-7.0,-0.0,248,0
35.0,419.0,7.0,-3.0,248,0
78.0,398.0,7.0,-3.0,248,0
129.0,374.0,7.0,-3.0,248,0
173.0,354.0,7.0,-3.0,248,0
223.0,330.0,7.0,-3.0,240,1
274.0,307.0,7.0,-3.0,184,1
317.0,286.0,7.0,-3.0,136,1
361.0,266.0,7.0,-3.0,88,1
412.0,242.0,7.0,-3.0,72,0
462.0,218.0,7.0,-3.0,72,0
506.0,198.0,7.0,-3.0,72,0
556.0,174.0,7.0,-3.0,72,0
600.0,154.0,7.0,-3.0,72,0
651.0,130.0,7.0,-3.0,72,0
694.0,109.0,7.0,-3.0,72,0
745.0,86.0,7.0,-3.0,24,1
748.0,81.0,-8.0,3.0,0,1
697.0,99.0,-8.0,3.0,0,1
638.0,121.0,-8.0,3.0,0,1
587.0,139.0,-8.0,3.0,0,0
537.0,157.0,-8.0,3.0,0,0
477.0,179.0,-8.0,3.0,40,-1
418.0,200.0,-8.0,3.0,96,-1
367.0,218.0,-8.0,3.0,144,-1
308.0,240.0,-8.0,3.0,200,-1
257.0,258.0,-8.0,3.0,224,0
198.0,279.0,-8.0,3.0,224,0
147.0,297.0,-8.0,3.0,224,0
88.0,319.0,-8.0,3.0,224,0
28.0,340.0,10.0,2.0,224,0
88.0,349.0,10.0,2.0,224,0
157.0,360.0,10.0,2.0,224,0
216.0,370.0,10.0,2.0,224,0
285.0,381.0,10.0,2.0,248,-1
354.0,392.0,10.0,2.0,304,-1
423.0,403.0,10.0,2.0,360,-1
483.0,412.0,10.0,2.0,400,-1
552.0,423.0,10.0,2.0,400,0
611.0,433.0,10.0,2.0,400,0
670.0,442.0,10.0,2.0,400,0
739.0,453.0,10.0,2.0,400,0
736.0,462.0,-11.0,1.0,400,0
660.0,471.0,-11.0,1.0,400,0
583.0,481.0,-11.0,1.0,344,1
518.0,488.0,-11.0,-1.0,296,1
442.0,479.0,-11.0,-1.0,240,1
365.0,469.0,-11.0,-1.0,200,0
300.0,461.0,-11.0,-1.0,200,0
223.0,452.0,-11.0,-1.0,200,0
158.0,444.0,-11.0,-1.0,200,0
81.0,434.0,-11.0,-1.0,200,0
39.0,429.0,12.0,2.0,200,0
122.0,442.0,12.0,2.0,200,0
205.0,454.0,12.0,2.0,200,0
276.0,465.0,12.0,2.0,200,0
347.0,476.0,12.0,2.0,248,-1
430.0,488.0,12.0,-2.0,304,-1
501.0,477.0,12.0,-2.0,352,-1
584.0,465.0,12.0,-2.0,400,-1
667.0,452.0,12.0,-2.0,400,0
739.0,441.0,12.0,-2.0,400,0
723.0,425.0,-13.0,-3.0,376,1
647.0,408.0,-13.0,-3.0,328,1
559.0,388.0,-13.0,-3.0,272,1
482.0,371.0,-13.0,-3.0,224,1
394.0,351.0,-13.0,-3.0,168,1
305.0,331.0,-13.0,-3.0,152,0
229.0,314.0,-13.0,-3.0,152,0
153.0,297.0,-13.0,-3.0,152,0
64.0,277.0,-13.0,-3.0,152,0
76.0,243.0,12.0,-6.0,152,0
151.0,205.0,12.0,-6.0,152,0
238.0,161.0,12.0,-6.0,152,0
313.0,123.0,12.0,-6.0,128,1
400.0,78.0,12.0,-6.0,72,1
475.0,40.0,12.0,-6.0,40,0
563.0,31.0,12.0,6.0,40,0
650.0,75.0,12.0,6.0,40,0
725.0,113.0,12.0,6.0,40,0
736.0,161.0,-13.0,7.0,80,-1
657.0,205.0,-13.0,7.0,128,-1
566.0,256.0,-13.0,7.0,184,-1
487.0,300.0,-13.0,7.0,232,-1
396.0,352.0,-13.0,7.0,288,-1
317.0,396.0,-13.0,7.0,320,0
226.0,447.0,-13.0,7.0,320,0
147.0,488.0,-13.0,-7.0,272,1
56.0,437.0,-13.0,-7.0,216,1
108.0,437.0,16.0,3.0,176,0
203.0,454.0,16.0,3.0,176,0
313.0,475.0,16.0,3.0,176,0
407.0,485.0,16.0,-3.0,208,-1
517.0,464.0,16.0,-3.0,264,-1
612.0,447.0,16.0,-3.0,312,-1
722.0,426.0,16.0,-3.0,368,-1
706.0,391.0,-16.0,-6.0,400,-1
612.0,352.0,-16.0,-6.0,392,1
502.0,307.0,-16.0,-6.0,336,1
407.0,268.0,-16.0,-6.0,288,1
297.0,222.0,-16.0,-6.0,232,1
203.0,183.0,-16.0,-6.0,184,1
93.0,138.0,-16.0,-6.0,152,0
66.0,115.0,18.0,2.0,152,0
192.0,127.0,18.0,2.0,152,0
317.0,139.0,18.0,2.0,152,0
425.0,149.0,18.0,2.0,152,0
550.0,161.0,18.0,2.0,136,1
658.0,171.0,18.0,2.0,104,0
783.0,182.0,-17.0,8.0,104,0
680.0,231.0,-17.0,8.0,112,-1
577.0,280.0,-17.0,8.0,160,-1
457.0,338.0,-17.0,8.0,216,-1
354.0,387.0,-17.0,8.0,256,0
234.0,444.0,-17.0,8.0,256,0
114.0,480.0,-17.0,-8.0,256,0
48.0,435.0,20.0,-3.0,256,-1
186.0,411.0,20.0,-3.0,304,0
304.0,391.0,20.0,-3.0,304,0
442.0,366.0,20.0,-3.0,304,0
580.0,342.0,20.0,-3.0,304,0
718.0,318.0,20.0,-3.0,280,1
714.0,309.0,-21.0,1.0,232,1
567.0,313.0,-21.0,1.0,176,1
441.0,317.0,-21.0,1.0,128,1
294.0,321.0,-21.0,1.0,120,0
168.0,324.0,-21.0,1.0,160,-1
21.0,328.0,-21.0,1.0,216,-1
424.0,36.0,4.0,3.0,272,-1
447.0,54.0,4.0,3.0,304,0
471.0,73.0,4.0,3.0,304,0
498.0,95.0,4.0,3.0,304,0
522.0,113.0,4.0,3.0,280,1
549.0,135.0,4.0,3.0,224,1
577.0,157.0,4.0,3.0,200,0
600.0,175.0,4.0,3.0,224,-1
628.0,197.0,4.0,3.0,280,-1
651.0,215.0,4.0,3.0,328,-1
679.0,237.0,4.0,3.0,344,0
702.0,256.0,4.0,3.0,344,0
730.0,277.0,4.0,3.0,344,0
753.0,296.0,4.0,3.0,344,0
765.0,301.0,-5.0,-5.0,304,1
737.0,269.0,-5.0,-5.0,256,1
706.0,232.0,-5.0,-5.0,200,1
679.0,200.0,-5.0,-5.0,152,1
647.0,163.0,-5.0,-5.0,104,0
620.0,130.0,-5.0,-5.0,104,0
588.0,93.0,-5.0,-5.0,104,0
561.0,61.0,-5.0,-5.0,128,-1
534.0,29.0,-5.0,-5.0,176,-1
502.0,33.0,-5.0,5.0,232,-1
470.0,71.0,-5.0,5.0,288,-1
443.0,103.0,-5.0,5.0,336,-1
407.0,146.0,-5.0,5.0,336,0
380.0,178.0,-5.0,5.0,336,0
348.0,215.0,-5.0,5.0,336,0
321.0,247.0,-5.0,5.0,336,0
289.0,284.0,-5.0,5.0,336,0
262.0,316.0,-5.0,5.0,336,0
231.0,354.0,-5.0,5.0,336,0
204.0,386.0,-5.0,5.0,336,0
172.0,423.0,-5.0,5.0,336,0
145.0,455.0,-5.0,5.0,336,0
113.0,488.0,-5.0,-5.0,336,0
86.0,456.0,-5.0,-5.0,336,0
54.0,419.0,-5.0,-5.0,336,0
45.0,384.0,7.0,-4.0,336,0
93.0,355.0,7.0,-4.0,336,0
142.0,326.0,7.0,-4.0,336,0
183.0,302.0,7.0,-4.0,336,0
231.0,273.0,7.0,-4.0,304,1
272.0,249.0,7.0,-4.0,256,1
320.0,220.0,7.0,-4.0,200,1
362.0,196.0,7.0,-4.0,168,0
410.0,167.0,7.0,-4.0,168,0
451.0,143.0,7.0,-4.0,168,0
499.0,114.0,7.0,-4.0,168,0
540.0,89.0,7.0,-4.0,168,0
589.0,61.0,7.0,-4.0,168,0
630.0,36.0,7.0,-4.0,136,1
678.0,16.0,7.0,4.0,80,1
726.0,45.0,7.0,4.0,24,1
774.0,73.0,-8.0,3.0,0,0
724.0,93.0,-8.0,3.0,0,0
665.0,115.0,-8.0,3.0,0,0
615.0,135.0,-8.0,3.0,48,-1
556.0,157.0,-8.0,3.0,104,-1
505.0,176.0,-8.0,3.0,152,-1
447.0,199.0,-8.0,3.0,208,-1
388.0,222.0,-8.0,3.0,264,-1
337.0,241.0,-8.0,3.0,272,0
278.0,263.0,-8.0,3.0,272,0
228.0,283.0,-8.0,3.0,272,0
169.0,305.0,-8.0,3.0,272,0
119.0,325.0,-8.0,3.0,240,1
60.0,347.0,-8.0,3.0,184,1
46.0,355.0,10.0,-3.0,176,0
113.0,335.0,10.0,-3.0,176,0
170.0,318.0,10.0,-3.0,176,0
238.0,299.0,10.0,-3.0,176,0
305.0,280.0,10.0,-3.0,176,0
363.0,263.0,10.0,-3.0,168,1
430.0,243.0,10.0,-3.0,112,1
488.0,227.0,10.0,-3.0,80,0
555.0,207.0,10.0,-3.0,80,0
612.0,191.0,10.0,-3.0,80,0
680.0,171.0,10.0,-3.0,80,0
747.0,152.0,10.0,-3.0,80,0
743.0,146.0,-11.0,1.0,112,-1
677.0,152.0,-11.0,1.0,160,-1
600.0,159.0,-11.0,1.0,216,-1
535.0,164.0,-11.0,1.0,264,-1
458.0,171.0,-11.0,1.0,320,-1
381.0,178.0,-11.0,1.0,328,0
315.0,183.0,-11.0,1.0,328,0
239.0,190.0,-11.0,1.0,296,1
173.0,196.0,-11.0,1.0,248,1
96.0,202.0,-11.0,1.0,208,0
30.0,208.0,12.0,-3.0,208,0
111.0,184.0,12.0,-3.0,208,0
192.0,161.0,12.0,-3.0,208,0
261.0,140.0,12.0,-3.0,200,1
330.0,120.0,12.0,-3.0,152,1
411.0,97.0,12.0,-3.0,96,1
480.0,76.0,12.0,-3.0,48,1
560.0,53.0,12.0,-3.0,0,0
641.0,29.0,12.0,-3.0,0,0
710.0,15.0,12.0,3.0,0,0
766.0,33.0,-13.0,-3.0,0,0
690.0,15.0,-13.0,-3.0,0,0
602.0,12.0,-13.0,3.0,0,0
526.0,12.0,-13.0,3.0,32,-1
437.0,12.0,-13.0,3.0,88,-1
348.0,12.0,-13.0,3.0,144,-1
272.0,12.0,-13.0,3.0,192,-1
196.0,12.0,-13.0,3.0,200,0
108.0,12.0,-13.0,3.0,200,0
55.0,20.0,12.0,8.0,200,0
124.0,67.0,12.0,8.0,200,0
205.0,122.0,12.0,8.0,200,0
275.0,169.0,12.0,8.0,200,0
344.0,217.0,12.0,8.0,232,-1
425.0,272.0,12.0,8.0,288,-1
506.0,327.0,12.0,8.0,344,-1
576.0,374.0,12.0,8.0,392,-1
657.0,429.0,12.0,8.0,400,0
726.0,476.0,12.0,8.0,400,0
730.0,488.0,-14.0,5.0,400,0
646.0,462.0,-14.0,-5.0,400,0
547.0,426.0,-14.0,-5.0,400,0
448.0,390.0,-14.0,-5.0,360,1
364.0,360.0,-14.0,-5.0,312,1
265.0,324.0,-14.0,-5.0,256,1
181.0,293.0,-14.0,-5.0,208,0
82.0,257.0,-14.0,-5.0,208,0
71.0,220.0,15.0,-5.0,208,0
161.0,188.0,15.0,-5.0,208,0
252.0,156.0,15.0,-5.0,208,0
357.0,118.0,15.0,-5.0,184,1
463.0,80.0,15.0,-5.0,128,1
553.0,48.0,15.0,-5.0,80,1
659.0,12.0,15.0,5.0,24,1
749.0,44.0,15.0,5.0,0,1
694.0,62.0,-17.0,1.0,0,0
576.0,71.0,-17.0,1.0,32,-1
474.0,79.0,-17.0,1.0,80,-1
355.0,88.0,-17.0,1.0,136,-1
254.0,96.0,-17.0,1.0,184,-1
135.0,106.0,-17.0,1.0,240,-1
33.0,114.0,-17.0,1.0,288,-1
124.0,103.0,18.0,-2.0,336,0
249.0,90.0,18.0,-2.0,336,0
357.0,78.0,18.0,-2.0,336,0
464.0,66.0,18.0,-2.0,296,1
589.0,53.0,18.0,-2.0,240,1
714.0,39.0,18.0,-2.0,184,1
395.0,404.0,-5.0,-1.0,136,1
362.0,394.0,-5.0,-1.0,80,1
333.0,386.0,-5.0,-1.0,32,0
299.0,376.0,-5.0,-1.0,72,-1
270.0,368.0,-5.0,-1.0,120,-1
236.0,359.0,-5.0,-1.0,176,-1
208.0,350.0,-5.0,-1.0,224,-1
174.0,341.0,-5.0,-1.0,232,0
140.0,331.0,-5.0,-1.0,232,0
111.0,323.0,-5.0,-1.0,232,0
83.0,315.0,-5.0,-1.0,232,0
49.0,305.0,-5.0,-1.0,232,0
41.0,303.0,6.0,2.0,232,0
82.0,315.0,6.0,2.0,232,0
122.0,326.0,6.0,2.0,232,0
157.0,336.0,6.0,2.0,232,0
197.0,347.0,6.0,2.0,232,0
232.0,357.0,6.0,2.0,240,-1
272.0,369.0,6.0,2.0,296,-1
307.0,379.0,6.0,2.0,344,-1
347.0,390.0,6.0,2.0,392,0
382.0,400.0,6.0,2.0,392,0
422.0,412.0,6.0,2.0,392,0
457.0,422.0,6.0,2.0,392,0
497.0,433.0,6.0,2.0,392,0
532.0,443.0,6.0,2.0,392,0
578.0,456.0,6.0,2.0,392,0
618.0,468.0,6.0,2.0,392,0
653.0,478.0,6.0,2.0,392,0
687.0,487.0,6.0,2.0,392,0
728.0,478.0,6.0,-2.0,392,0
768.0,467.0,-7.0,2.0,400,-1
728.0,477.0,-7.0,2.0,400,-1
680.0,486.0,-7.0,-2.0,400,0
640.0,475.0,-7.0,-2.0,400,0
592.0,463.0,-7.0,-2.0,400,0
552.0,452.0,-7.0,-2.0,384,1
504.0,439.0,-7.0,-2.0,328,1
457.0,427.0,-7.0,-2.0,272,1
417.0,416.0,-7.0,-2.0,224,0
369.0,403.0,-7.0,-2.0,224,0
329.0,392.0,-7.0,-2.0,224,0
281.0,380.0,-7.0,-2.0,224,0
241.0,369.0,-7.0,-2.0,224,0
193.0,356.0,-7.0,-2.0,224,0
153.0,345.0,-7.0,-2.0,224,0
105.0,333.0,-7.0,-2.0,224,0
58.0,320.0,-7.0,-2.0,192,1
46.0,307.0,7.0,-3.0,144,1
98.0,285.0,7.0,-3.0,120,0
142.0,267.0,7.0,-3.0,120,0
194.0,246.0,7.0,-3.0,120,0
238.0,227.0,7.0,-3.0,120,0
290.0,206.0,7.0,-3.0,120,0
341.0,185.0,7.0,-3.0,120,0
386.0,166.0,7.0,-3.0,96,1
438.0,145.0,7.0,-3.0,40,1
482.0,126.0,7.0,-3.0,0,1
534.0,105.0,7.0,-3.0,0,0
578.0,87.0,7.0,-3.0,0,0
630.0,65.0,7.0,-3.0,0,0
674.0,47.0,7.0,-3.0,0,0
726.0,26.0,7.0,-3.0,0,0
770.0,18.0,-8.0,-4.0,0,0
715.0,38.0,-8.0,4.0,0,0
660.0,68.0,-8.0,4.0,0,0
612.0,94.0,-8.0,4.0,0,0
557.0,124.0,-8.0,4.0,0,0
510.0,150.0,-8.0,4.0,32,-1
454.0,181.0,-8.0,4.0,88,-1
407.0,206.0,-8.0,4.0,136,-1
352.0,237.0,-8.0,4.0,192,-1
297.0,267.0,-8.0,4.0,248,-1
249.0,293.0,-8.0,4.0,272,0
202.0,319.0,-8.0,4.0,272,0
147.0,349.0,-8.0,4.0,272,0
91.0,379.0,-8.0,4.0,272,0
44.0,405.0,-8.0,4.0,272,0
73.0,393.0,9.0,-4.0,272,0
128.0,367.0,9.0,-4.0,272,0
191.0,337.0,9.0,-4.0,272,0
245.0,311.0,9.0,-4.0,264,1
308.0,281.0,9.0,-4.0,208,1
372.0,251.0,9.0,-4.0,152,1
426.0,226.0,9.0,-4.0,104,1
489.0,196.0,9.0,-4.0,48,1
543.0,170.0,9.0,-4.0,0,1
607.0,140.0,9.0,-4.0,0,0
661.0,115.0,9.0,-4.0,0,0
724.0,85.0,9.0,-4.0,0,0
759.0,66.0,-11.0,2.0,0,0
673.0,84.0,-11.0,2.0,0,0
608.0,98.0,-11.0,2.0,0,0
533.0,114.0,-11.0,2.0,24,-1
457.0,130.0,-11.0,2.0,80,-1
393.0,143.0,-11.0,2.0,128,-1
318.0,160.0,-11.0,2.0,184,-1
242.0,176.0,-11.0,2.0,232,0
178.0,189.0,-11.0,2.0,232,0
113.0,203.0,-11.0,2.0,232,0
38.0,219.0,-11.0,2.0,232,0
92.0,190.0,11.0,-5.0,232,0
157.0,159.0,11.0,-5.0,232,0
232.0,122.0,11.0,-5.0,208,1
297.0,91.0,11.0,-5.0,160,1
373.0,54.0,11.0,-5.0,104,1
448.0,17.0,11.0,-5.0,80,0
513.0,38.0,11.0,5.0,80,0
578.0,69.0,11.0,5.0,80,0
654.0,106.0,11.0,5.0,80,0
729.0,143.0,11.0,5.0,120,-1
751.0,149.0,-11.0,-7.0,160,0
687.0,105.0,-11.0,-7.0,160,0
612.0,53.0,-11.0,-7.0,160,0
537.0,19.0,-11.0,7.0,144,1
473.0,64.0,-11.0,7.0,96,0
398.0,115.0,-11.0,7.0,96,0
334.0,160.0,-11.0,7.0,112,-1
259.0,211.0,-11.0,7.0,168,-1
195.0,256.0,-11.0,7.0,216,-1
120.0,307.0,-11.0,7.0,272,-1
55.0,352.0,-11.0,7.0,320,-1
74.0,350.0,13.0,-6.0,328,0
150.0,314.0,13.0,-6.0,328,0
238.0,271.0,13.0,-6.0,312,1
314.0,235.0,13.0,-6.0,264,1
403.0,193.0,13.0,-6.0,208,1
478.0,157.0,13.0,-6.0,160,1
567.0,115.0,13.0,-6.0,104,1
643.0,79.0,13.0,-6.0,56,1
731.0,37.0,13.0,-6.0,0,1
716.0,33.0,-13.0,7.0,0,1
637.0,76.0,-13.0,7.0,0,0
545.0,126.0,-13.0,7.0,40,-1
465.0,168.0,-13.0,7.0,88,-1
386.0,211.0,-13.0,7.0,136,-1
294.0,261.0,-13.0,7.0,192,-1
201.0,311.0,-13.0,7.0,224,0
122.0,353.0,-13.0,7.0,224,0
30.0,403.0,16.0,-4.0,224,0
123.0,381.0,16.0,-4.0,224,0
232.0,355.0,16.0,-4.0,224,0
325.0,333.0,16.0,-4.0,224,0
434.0,307.0,16.0,-4.0,224,0
528.0,285.0,16.0,-4.0,224,0
637.0,259.0,16.0,-4.0,224,0
746.0,233.0,16.0,-4.0,208,1
711.0,209.0,-16.0,-4.0,160,1
612.0,183.0,-16.0,-4.0,112,1
497.0,153.0,-16.0,-4.0,56,1
398.0,128.0,-16.0,-4.0,32,0
283.0,98.0,-16.0,-4.0,64,-1
168.0,68.0,-16.0,-4.0,120,-1
69.0,43.0,-16.0,-4.0,144,0
75.0,35.0,14.0,12.0,144,0
158.0,104.0,14.0,12.0,144,0
255.0,185.0,14.0,12.0,144,0
338.0,254.0,14.0,12.0,144,-1
421.0,323.0,14.0,12.0,192,-1
517.0,404.0,14.0,12.0,248,-1
614.0,485.0,14.0,12.0,304,-1
697.0,430.0,14.0,-12.0,352,-1
765.0,350.0,-15.0,-11.0,344,1
673.0,282.0,-15.0,-11.0,296,1
567.0,202.0,-15.0,-11.0,240,1
460.0,123.0,-15.0,-11.0,184,1
369.0,54.0,-15.0,-11.0,136,1
262.0,46.0,-15.0,11.0,152,-1
171.0,114.0,-15.0,11.0,200,-1
64.0,194.0,-15.0,11.0,256,-1
82.0,277.0,16.0,12.0,312,-1
193.0,363.0,16.0,12.0,328,0
288.0,436.0,16.0,12.0,296,1
398.0,464.0,16.0,-12.0,256,0
493.0,390.0,16.0,-12.0,256,0
604.0,304.0,16.0,-12.0,216,1
715.0,219.0,16.0,-12.0,160,1
736.0,165.0,-21.0,-3.0,112,1
591.0,146.0,-21.0,-3.0,56,1
466.0,130.0,-21.0,-3.0,8,1
320.0,111.0,-21.0,-3.0,8,-1
195.0,95.0,-21.0,-3.0,56,-1
49.0,76.0,-21.0,-3.0,112,-1
137.0,87.0,22.0,3.0,160,-1
290.0,105.0,22.0,3.0,216,-1
421.0,121.0,22.0,3.0,224,0
574.0,139.0,22.0,3.0,200,1
705.0,155.0,22.0,3.0,152,1
681.0,141.0,-22.0,-5.0,96,1
525.0,103.0,-22.0,-5.0,40,1
369.0,65.0,-22.0,-5.0,0,0
234.0,32.0,-22.0,-5.0,32,-1
78.0,28.0,-22.0,5.0,88,-1
413.0,240.0,4.0,-2.0,136,-1
443.0,223.0,4.0,-2.0,192,-1
474.0,206.0,4.0,-2.0,240,0
500.0,191.0,4.0,-2.0,240,0
530.0,174.0,4.0,-2.0,208,1
557.0,159.0,4.0,-2.0,160,1
587.0,141.0,4.0,-2.0,104,1
617.0,124.0,4.0,-2.0,48,1
643.0,109.0,4.0,-2.0,0,1
670.0,95.0,4.0,-2.0,0,1
700.0,77.0,4.0,-2.0,0,0
730.0,60.0,4.0,-2.0,0,0
757.0,45.0,4.0,-2.0,0,0
746.0,33.0,-6.0,-1.0,0,0
711.0,26.0,-6.0,-1.0,0,0
669.0,18.0,-6.0,-1.0,40,-1
628.0,12.0,-6.0,1.0,96,-1
593.0,12.0,-6.0,1.0,144,-1
552.0,12.0,-6.0,1.0,200,-1
516.0,12.0,-6.0,1.0,248,-1
475.0,12.0,-6.0,1.0,272,0
440.0,12.0,-6.0,1.0,272,0
398.0,12.0,-6.0,1.0,272,0
357.0,12.0,-6.0,1.0,256,1
322.0,12.0,-6.0,1.0,208,1
287.0,12.0,-6.0,1.0,160,1
245.0,12.0,-6.0,1.0,104,1
210.0,12.0,-6.0,1.0,56,1
169.0,12.0,-6.0,1.0,32,0
128.0,12.0,-6.0,1.0,32,0
92.0,12.0,-6.0,1.0,32,0
51.0,12.0,-6.0,1.0,32,0
39.0,16.0,6.0,4.0,32,0
80.0,43.0,6.0,4.0,32,0
114.0,67.0,6.0,4.0,32,0
149.0,91.0,6.0,4.0,64,-1
190.0,118.0,6.0,4.0,120,-1
230.0,146.0,6.0,4.0,176,-1
265.0,169.0,6.0,4.0,224,-1
305.0,197.0,6.0,4.0,280,-1
340.0,221.0,6.0,4.0,328,-1
381.0,248.0,6.0,4.0,368,0
415.0,272.0,6.0,4.0,368,0
456.0,299.0,6.0,4.0,368,0
496.0,327.0,6.0,4.0,368,0
531.0,350.0,6.0,4.0,368,0
572.0,378.0,6.0,4.0,368,0
606.0,402.0,6.0,4.0,368,0
647.0,429.0,6.0,4.0,392,-1
682.0,453.0,6.0,4.0,400,-1
722.0,480.0,6.0,4.0,400,-1
757.0,472.0,6.0,-4.0,400,0
729.0,473.0,-8.0,2.0,400,0
683.0,484.0,-8.0,2.0,400,0
628.0,481.0,-8.0,-2.0,400,0
581.0,470.0,-8.0,-2.0,400,0
527.0,458.0,-8.0,-2.0,400,1
472.0,445.0,-8.0,-2.0,344,1
425.0,434.0,-8.0,-2.0,296,1
371.0,422.0,-8.0,-2.0,240,1
324.0,411.0,-8.0,-2.0,200,0
277.0,400.0,-8.0,-2.0,200,0
223.0,388.0,-8.0,-2.0,200,0
168.0,375.0,-8.0,-2.0,200,0
121.0,364.0,-8.0,-2.0,200,0
67.0,352.0,-8.0,-2.0,200,0
35.0,348.0,8.0,5.0,200,0
88.0,382.0,8.0,5.0,200,0
133.0,412.0,8.0,5.0,200,0
186.0,446.0,8.0,5.0,200,0
231.0,475.0,8.0,5.0,248,-1
284.0,468.0,8.0,-5.0,280,0
337.0,434.0,8.0,-5.0,280,0
382.0,405.0,8.0,-5.0,280,0
428.0,375.0,8.0,-5.0,248,1
480.0,341.0,8.0,-5.0,192,1
533.0,306.0,8.0,-5.0,136,1
578.0,277.0,8.0,-5.0,96,0
631.0,242.0,8.0,-5.0,96,0
676.0,213.0,8.0,-5.0,96,0
729.0,179.0,8.0,-5.0,96,0
765.0,146.0,-9.0,-3.0,128,-1
708.0,127.0,-9.0,-3.0,176,-1
642.0,104.0,-9.0,-3.0,232,-1
576.0,81.0,-9.0,-3.0,256,0
519.0,62.0,-9.0,-3.0,256,0
453.0,40.0,-9.0,-3.0,248,1
396.0,20.0,-9.0,-3.0,200,1
330.0,28.0,-9.0,3.0,144,1
273.0,47.0,-9.0,3.0,96,0
206.0,70.0,-9.0,3.0,96,0
150.0,89.0,-9.0,3.0,96,0
83.0,112.0,-9.0,3.0,120,-1
27.0,131.0,10.0,-4.0,168,-1
99.0,104.0,10.0,-4.0,224,-1
160.0,81.0,10.0,-4.0,240,0
233.0,54.0,10.0,-4.0,224,1
294.0,31.0,10.0,-4.0,176,1
366.0,20.0,10.0,4.0,144,0
439.0,47.0,10.0,4.0,144,0
500.0,70.0,10.0,4.0,144,0
572.0,97.0,10.0,4.0,144,0
634.0,120.0,10.0,4.0,144,0
696.0,143.0,10.0,4.0,144,0
768.0,170.0,-12.0,-1.0,128,1
697.0,162.0,-12.0,-1.0,80,1
613.0,151.0,-12.0,-1.0,24,1
530.0,141.0,-12.0,-1.0,0,1
459.0,132.0,-12.0,-1.0,0,0
375.0,122.0,-12.0,-1.0,0,0
304.0,113.0,-12.0,-1.0,40,-1
220.0,103.0,-12.0,-1.0,96,-1
149.0,95.0,-12.0,-1.0,144,-1
65.0,84.0,-12.0,-1.0,168,0
63.0,60.0,11.0,-7.0,168,0
142.0,12.0,11.0,7.0,168,0
209.0,52.0,11.0,7.0,168,0
287.0,98.0,11.0,7.0,168,0
365.0,145.0,11.0,7.0,176,-1
432.0,184.0,11.0,7.0,224,-1
511.0,231.0,11.0,7.0,280,-1
578.0,270.0,11.0,7.0,312,0
656.0,317.0,11.0,7.0,312,0
723.0,357.0,11.0,7.0,312,0
760.0,410.0,-10.0,10.0,272,1
702.0,471.0,-10.0,10.0,224,1
635.0,437.0,-10.0,-10.0,208,0
567.0,366.0,-10.0,-10.0,224,-1
509.0,305.0,-10.0,-10.0,272,-1
452.0,244.0,-10.0,-10.0,320,-1
384.0,173.0,-10.0,-10.0,376,-1
317.0,102.0,-10.0,-10.0,400,-1
259.0,41.0,-10.0,-10.0,400,0
192.0,53.0,-10.0,10.0,400,0
134.0,114.0,-10.0,10.0,400,0
66.0,185.0,-10.0,10.0,400,0
58.0,229.0,15.0,2.0,400,0
162.0,241.0,15.0,2.0,400,0
251.0,251.0,15.0,2.0,392,1
356.0,264.0,15.0,2.0,336,1
445.0,274.0,15.0,2.0,288,1
549.0,286.0,15.0,2.0,272,0
639.0,297.0,15.0,2.0,272,0
743.0,309.0,15.0,2.0,272,0
710.0,303.0,-16.0,-2.0,248,1
599.0,286.0,-16.0,-2.0,192,1
488.0,269.0,-16.0,-2.0,136,1
393.0,255.0,-16.0,-2.0,120,0
283.0,238.0,-16.0,-2.0,120,0
188.0,223.0,-16.0,-2.0,120,0
77.0,206.0,-16.0,-2.0,120,0
75.0,222.0,15.0,8.0,120,0
182.0,275.0,15.0,8.0,120,0
273.0,320.0,15.0,8.0,120,0
380.0,373.0,15.0,8.0,136,-1
487.0,425.0,15.0,8.0,192,-1
593.0,478.0,15.0,8.0,248,-1
685.0,458.0,15.0,-8.0,296,-1
759.0,418.0,-17.0,5.0,352,-1
638.0,454.0,-17.0,5.0,368,1
535.0,485.0,-17.0,5.0,320,1
432.0,462.0,-17.0,-5.0,272,1
311.0,426.0,-17.0,-5.0,232,0
207.0,394.0,-17.0,-5.0,232,0
87.0,358.0,-17.0,-5.0,232,0
410.0,362.0,5.0,0.0,232,0
440.0,362.0,5.0,0.0,232,0
470.0,363.0,5.0,0.0,232,0
505.0,363.0,5.0,0.0,232,0
540.0,364.0,5.0,0.0,256,-1
570.0,364.0,5.0,0.0,304,-1
600.0,364.0,5.0,0.0,312,0
635.0,365.0,5.0,0.0,312,0
665.0,365.0,5.0,0.0,312,0
700.0,366.0,5.0,0.0,312,0
730.0,366.0,5.0,0.0,312,0
765.0,367.0,5.0,0.0,288,1
740.0,386.0,-5.0,3.0,232,1
710.0,406.0,-5.0,3.0,184,1
674.0,429.0,-5.0,3.0,128,1
644.0,449.0,-5.0,3.0,104,0
609.0,472.0,-5.0,3.0,152,-1
574.0,485.0,-5.0,-3.0,208,-1
544.0,465.0,-5.0,-3.0,256,-1
514.0,445.0,-5.0,-3.0,304,-1
478.0,423.0,-5.0,-3.0,360,0
448.0,403.0,-5.0,-3.0,360,0
413.0,380.0,-5.0,-3.0,360,0
378.0,357.0,-5.0,-3.0,360,0
348.0,337.0,-5.0,-3.0,360,0
312.0,314.0,-5.0,-3.0,360,0
282.0,295.0,-5.0,-3.0,360,0
247.0,272.0,-5.0,-3.0,360,0
217.0,252.0,-5.0,-3.0,328,1
182.0,229.0,-5.0,-3.0,272,1
152.0,210.0,-5.0,-3.0,224,1
116.0,187.0,-5.0,-3.0,168,1
86.0,167.0,-5.0,-3.0,160,0
51.0,144.0,-5.0,-3.0,160,0
44.0,135.0,7.0,2.0,160,0
92.0,148.0,7.0,2.0,160,0
139.0,161.0,7.0,2.0,160,0
179.0,172.0,7.0,2.0,160,0
227.0,185.0,7.0,2.0,160,0
267.0,196.0,7.0,2.0,192,-1
314.0,209.0,7.0,2.0,248,-1
355.0,220.0,7.0,2.0,296,-1
395.0,231.0,7.0,2.0,336,0
443.0,244.0,7.0,2.0,336,0
483.0,255.0,7.0,2.0,336,0
530.0,268.0,7.0,2.0,336,0
578.0,281.0,7.0,2.0,336,0
618.0,292.0,7.0,2.0,336,0
666.0,305.0,7.0,2.0,336,0
706.0,316.0,7.0,2.0,336,0
753.0,329.0,7.0,2.0,320,1
742.0,329.0,-8.0,-1.0,264,1
687.0,319.0,-8.0,-1.0,208,1
640.0,311.0,-8.0,-1.0,160,1
585.0,301.0,-8.0,-1.0,104,0
529.0,291.0,-8.0,-1.0,104,0
482.0,282.0,-8.0,-1.0,120,-1
427.0,272.0,-8.0,-1.0,176,-1
380.0,264.0,-8.0,-1.0,216,0
325.0,254.0,-8.0,-1.0,216,0
277.0,245.0,-8.0,-1.0,216,0
230.0,237.0,-8.0,-1.0,216,0
175.0,227.0,-8.0,-1.0,216,0
128.0,218.0,-8.0,-1.0,216,0
73.0,209.0,-8.0,-1.0,216,0
41.0,191.0,8.0,-5.0,216,0
88.0,163.0,8.0,-5.0,216,0
134.0,136.0,8.0,-5.0,216,0
188.0,104.0,8.0,-5.0,216,0
243.0,72.0,8.0,-5.0,216,0
289.0,44.0,8.0,-5.0,216,0
343.0,12.0,8.0,5.0,216,0
390.0,39.0,8.0,5.0,240,-1
444.0,72.0,8.0,5.0,296,-1
490.0,99.0,8.0,5.0,336,0
545.0,131.0,8.0,5.0,336,0
591.0,158.0,8.0,5.0,320,1
645.0,191.0,8.0,5.0,264,1
700.0,223.0,8.0,5.0,216,0
754.0,255.0,8.0,5.0,216,0
719.0,262.0,-10.0,-0.0,232,-1
659.0,260.0,-10.0,-0.0,280,-1
590.0,258.0,-10.0,-0.0,336,-1
530.0,255.0,-10.0,-0.0,376,0
460.0,253.0,-10.0,-0.0,376,0
400.0,251.0,-10.0,-0.0,376,0
340.0,249.0,-10.0,-0.0,376,0
280.0,247.0,-10.0,-0.0,376,0
210.0,244.0,-10.0,-0.0,336,1
150.0,242.0,-10.0,-0.0,288,1
80.0,240.0,-10.0,-0.0,232,1
40.0,235.0,10.0,-3.0,216,0
114.0,211.0,10.0,-3.0,216,0
187.0,187.0,10.0,-3.0,216,0
250.0,167.0,10.0,-3.0,216,0
323.0,144.0,10.0,-3.0,216,0
386.0,123.0,10.0,-3.0,168,1
459.0,100.0,10.0,-3.0,112,1
522.0,79.0,10.0,-3.0,64,1
585.0,59.0,10.0,-3.0,16,1
658.0,36.0,10.0,-3.0,0,1
731.0,12.0,10.0,3.0,0,1
751.0,16.0,-11.0,-5.0,0,0
673.0,39.0,-11.0,5.0,0,0
606.0,66.0,-11.0,5.0,0,0
528.0,98.0,-11.0,5.0,0,0
462.0,125.0,-11.0,5.0,48,-1
384.0,156.0,-11.0,5.0,104,-1
306.0,188.0,-11.0,5.0,160,-1
239.0,215.0,-11.0,5.0,168,0
161.0,246.0,-11.0,5.0,168,0
95.0,273.0,-11.0,5.0,168,0
41.0,299.0,13.0,-1.0,192,-1
119.0,292.0,13.0,-1.0,240,-1
209.0,284.0,13.0,-1.0,280,0
287.0,277.0,13.0,-1.0,280,0
377.0,269.0,13.0,-1.0,280,0
455.0,262.0,13.0,-1.0,280,0
546.0,253.0,13.0,-1.0,280,0
636.0,245.0,13.0,-1.0,264,1
714.0,238.0,13.0,-1.0,216,1
751.0,235.0,-14.0,1.0,160,1
667.0,243.0,-14.0,1.0,112,1
570.0,253.0,-14.0,1.0,64,0
486.0,261.0,-14.0,1.0,64,0
389.0,271.0,-14.0,1.0,112,-1
305.0,279.0,-14.0,1.0,160,-1
208.0,289.0,-14.0,1.0,216,-1
124.0,297.0,-14.0,1.0,248,0
26.0,306.0,15.0,-4.0,248,0
114.0,284.0,15.0,-4.0,248,0
216.0,259.0,15.0,-4.0,248,0
317.0,233.0,15.0,-4.0,240,1
405.0,211.0,15.0,-4.0,192,1
507.0,186.0,15.0,-4.0,136,1
594.0,164.0,15.0,-4.0,88,1
696.0,138.0,15.0,-4.0,40,0
754.0,127.0,-14.0,7.0,40,0
655.0,178.0,-14.0,7.0,88,-1
555.0,229.0,-14.0,7.0,144,-1
469.0,273.0,-14.0,7.0,192,-1
384.0,317.0,-14.0,7.0,240,-1
284.0,368.0,-14.0,7.0,296,-1
199.0,412.0,-14.0,7.0,344,-1
99.0,463.0,-14.0,7.0,400,-1
43.0,488.0,15.0,-8.0,400,0
148.0,433.0,15.0,-8.0,400,0
254.0,378.0,15.0,-8.0,368,1
344.0,330.0,15.0,-8.0,320,1
450.0,275.0,15.0,-8.0,264,1
540.0,228.0,15.0,-8.0,216,1
645.0,173.0,15.0,-8.0,160,1
736.0,125.0,15.0,-8.0,112,1
720.0,63.0,-15.0,-10.0,56,1
614.0,31.0,-15.0,10.0,0,1
508.0,100.0,-15.0,10.0,24,-1
418.0,158.0,-15.0,10.0,72,-1
312.0,226.0,-15.0,10.0,128,-1
221.0,285.0,-15.0,10.0,176,-1
115.0,353.0,-15.0,10.0,232,-1
24.0,412.0,19.0,3.0,280,-1
156.0,432.0,19.0,3.0,320,0
268.0,449.0,19.0,3.0,320,0
400.0,469.0,19.0,3.0,272,1
513.0,487.0,19.0,3.0,240,0
644.0,471.0,19.0,-3.0,240,0
775.0,451.0,19.0,-3.0,272,-1
423.0,188.0,5.0,2.0,320,-1
460.0,204.0,5.0,2.0,376,0
487.0,216.0,5.0,2.0,376,0
520.0,230.0,5.0,2.0,336,1
547.0,242.0,5.0,2.0,288,1
579.0,255.0,5.0,2.0,248,0
607.0,267.0,5.0,2.0,248,0
639.0,281.0,5.0,2.0,288,-1
667.0,293.0,5.0,2.0,336,-1
699.0,307.0,5.0,2.0,344,0
731.0,320.0,5.0,2.0,336,1
759.0,332.0,5.0,2.0,288,1
756.0,345.0,-6.0,2.0,240,1
717.0,360.0,-6.0,2.0,184,1
678.0,376.0,-6.0,2.0,216,-1
638.0,391.0,-6.0,2.0,272,-1
599.0,407.0,-6.0,2.0,328,-1
566.0,420.0,-6.0,2.0,336,0
527.0,436.0,-6.0,2.0,336,0
494.0,449.0,-6.0,2.0,336,0
454.0,464.0,-6.0,2.0,336,0
421.0,478.0,-6.0,2.0,336,0
382.0,484.0,-6.0,-2.0,336,0
349.0,470.0,-6.0,-2.0,336,0
310.0,455.0,-6.0,-2.0,336,0
276.0,441.0,-6.0,-2.0,336,0
237.0,426.0,-6.0,-2.0,336,0
198.0,410.0,-6.0,-2.0,296,1
165.0,397.0,-6.0,-2.0,248,1
126.0,382.0,-6.0,-2.0,192,1
92.0,368.0,-6.0,-2.0,184,0
53.0,353.0,-6.0,-2.0,184,0
45.0,342.0,7.0,-1.0,184,0
93.0,334.0,7.0,-1.0,184,0
134.0,327.0,7.0,-1.0,184,0
183.0,320.0,7.0,-1.0,184,0
224.0,313.0,7.0,-1.0,184,0
273.0,305.0,7.0,-1.0,184,0
314.0,299.0,7.0,-1.0,184,0
363.0,291.0,7.0,-1.0,232,-1
404.0,285.0,7.0,-1.0,256,0
452.0,277.0,7.0,-1.0,216,1
494.0,270.0,7.0,-1.0,168,1
549.0,261.0,7.0,-1.0,120,0
591.0,255.0,7.0,-1.0,120,0
639.0,247.0,7.0,-1.0,120,0
681.0,241.0,7.0,-1.0,120,0
729.0,233.0,7.0,-1.0,128,-1
762.0,226.0,-8.0,0.0,184,-1
714.0,227.0,-8.0,0.0,232,-1
666.0,227.0,-8.0,0.0,280,-1
610.0,227.0,-8.0,0.0,336,-1
554.0,227.0,-8.0,0.0,376,0
506.0,227.0,-8.0,0.0,376,0
450.0,228.0,-8.0,0.0,344,1
402.0,228.0,-8.0,0.0,296,1
346.0,228.0,-8.0,0.0,240,1
298.0,228.0,-8.0,0.0,192,1
242.0,229.0,-8.0,0.0,160,0
186.0,229.0,-8.0,0.0,160,0
138.0,229.0,-8.0,0.0,160,0
82.0,229.0,-8.0,0.0,160,0
34.0,230.0,-8.0,0.0,160,0
69.0,216.0,9.0,-3.0,160,0
129.0,196.0,9.0,-3.0,160,0
189.0,176.0,9.0,-3.0,160,0
240.0,159.0,9.0,-3.0,120,1
300.0,139.0,9.0,-3.0,64,1
351.0,122.0,9.0,-3.0,16,1
411.0,103.0,9.0,-3.0,0,1
462.0,86.0,9.0,-3.0,0,0
531.0,63.0,9.0,-3.0,0,0
582.0,46.0,9.0,-3.0,0,0
642.0,26.0,9.0,-3.0,0,0
693.0,12.0,9.0,3.0,0,0
753.0,12.0,9.0,3.0,0,0
737.0,29.0,-8.0,6.0,0,0
679.0,68.0,-8.0,6.0,0,0
621.0,108.0,-8.0,6.0,0,0
571.0,141.0,-8.0,6.0,0,0
513.0,181.0,-8.0,6.0,40,-1
464.0,214.0,-8.0,6.0,88,-1
414.0,248.0,-8.0,6.0,136,-1
356.0,287.0,-8.0,6.0,192,-1
298.0,327.0,-8.0,6.0,248,-1
241.0,366.0,-8.0,6.0,304,-1
183.0,405.0,-8.0,6.0,360,-1
133.0,439.0,-8.0,6.0,400,-1
83.0,473.0,-8.0,6.0,400,0
25.0,466.0,11.0,3.0,400,0
100.0,484.0,11.0,3.0,400,0
164.0,477.0,11.0,-3.0,400,1
239.0,459.0,11.0,-3.0,344,1
303.0,443.0,11.0,-3.0,296,1
378.0,424.0,11.0,-3.0,296,0
442.0,408.0,11.0,-3.0,296,0
517.0,390.0,11.0,-3.0,296,0
591.0,371.0,11.0,-3.0,296,0
655.0,355.0,11.0,-3.0,296,0
730.0,337.0,11.0,-3.0,288,1
738.0,337.0,-11.0,4.0,232,1
670.0,360.0,-11.0,4.0,184,1
590.0,386.0,-11.0,4.0,128,1
510.0,412.0,-11.0,4.0,88,0
442.0,434.0,-11.0,4.0,96,-1
362.0,460.0,-11.0,4.0,152,-1
294.0,482.0,-11.0,4.0,200,-1
225.0,473.0,-11.0,-4.0,248,-1
145.0,447.0,-11.0,-4.0,304,-1
65.0,421.0,-11.0,-4.0,336,0
70.0,415.0,13.0,2.0,336,0
160.0,426.0,13.0,2.0,288,1
238.0,436.0,13.0,2.0,240,1
328.0,447.0,13.0,2.0,200,0
405.0,456.0,13.0,2.0,240,-1
496.0,468.0,13.0,2.0,296,-1
573.0,477.0,13.0,2.0,344,-1
663.0,488.0,13.0,-2.0,400,-1
754.0,477.0,13.0,-2.0,400,-1
727.0,483.0,-13.0,-5.0,400,0
649.0,453.0,-13.0,-5.0,400,0
558.0,417.0,-13.0,-5.0,352,1
479.0,387.0,-13.0,-5.0,304,1
388.0,351.0,-13.0,-5.0,248,1
296.0,316.0,-13.0,-5.0,232,0
218.0,285.0,-13.0,-5.0,232,0
127.0,250.0,-13.0,-5.0,232,0
49.0,220.0,-13.0,-5.0,232,0
97.0,209.0,15.0,-0.0,232,0
202.0,208.0,15.0,-0.0,232,0
292.0,207.0,15.0,-0.0,232,0
397.0,206.0,15.0,-0.0,232,0
487.0,205.0,15.0,-0.0,232,0
592.0,204.0,15.0,-0.0,184,1
682.0,203.0,15.0,-0.0,136,1
761.0,213.0,-12.0,11.0,104,0
691.0,279.0,-12.0,11.0,128,-1
609.0,355.0,-12.0,11.0,184,-1
539.0,421.0,-12.0,11.0,232,-1
457.0,488.0,-12.0,-11.0,288,-1
388.0,422.0,-12.0,-11.0,296,0
294.0,335.0,-12.0,-11.0,296,0
224.0,269.0,-12.0,-11.0,296,0
143.0,192.0,-12.0,-11.0,296,0
73.0,127.0,-12.0,-11.0,296,0
77.0,83.0,17.0,0.0,296,0
196.0,85.0,17.0,0.0,296,0
298.0,86.0,17.0,0.0,256,1
417.0,87.0,17.0,0.0,200,1
519.0,88.0,17.0,0.0,152,1
638.0,90.0,17.0,0.0,96,1
740.0,91.0,17.0,0.0,48,1
685.0,104.0,-18.0,3.0,0,1
560.0,122.0,-18.0,3.0,48,-1
453.0,137.0,-18.0,3.0,96,-1
346.0,152.0,-18.0,3.0,144,-1
222.0,170.0,-18.0,3.0,200,-1
97.0,188.0,-18.0,3.0,224,0
52.0,226.0,13.0,14.0,224,0
143.0,322.0,13.0,14.0,224,0
221.0,405.0,13.0,14.0,224,0
312.0,474.0,13.0,-14.0,224,0
390.0,391.0,13.0,-14.0,272,-1
482.0,294.0,13.0,-14.0,264,1
573.0,198.0,13.0,-14.0,208,1
651.0,115.0,13.0,-14.0,160,1
742.0,18.0,13.0,-14.0,104,1
407.0,12.0,4.0,3.0,56,1
433.0,35.0,4.0,3.0,0,1
456.0,56.0,4.0,3.0,24,-1
482.0,79.0,4.0,3.0,80,-1
504.0,99.0,4.0,3.0,128,-1
530.0,123.0,4.0,3.0,184,-1
552.0,143.0,4.0,3.0,232,-1
578.0,166.0,4.0,3.0,288,-1
600.0,186.0,4.0,3.0,304,0
626.0,210.0,4.0,3.0,304,0
652.0,233.0,4.0,3.0,304,0
675.0,253.0,4.0,3.0,304,0
701.0,277.0,4.0,3.0,304,0
723.0,297.0,4.0,3.0,304,0
745.0,317.0,4.0,3.0,304,1
771.0,340.0,-5.0,4.0,248,1
743.0,363.0,-5.0,4.0,200,1
710.0,389.0,-5.0,4.0,144,1
681.0,411.0,-5.0,4.0,96,1
648.0,437.0,-5.0,4.0,88,-1
615.0,463.0,-5.0,4.0,144,-1
587.0,485.0,-5.0,4.0,192,-1
554.0,466.0,-5.0,-4.0,248,-1
526.0,443.0,-5.0,-4.0,296,-1
493.0,417.0,-5.0,-4.0,312,0
465.0,395.0,-5.0,-4.0,312,0
432.0,369.0,-5.0,-4.0,312,0
403.0,347.0,-5.0,-4.0,312,0
370.0,321.0,-5.0,-4.0,312,0
337.0,295.0,-5.0,-4.0,312,0
304.0,269.0,-5.0,-4.0,312,0
271.0,243.0,-5.0,-4.0,312,0
243.0,221.0,-5.0,-4.0,312,0
215.0,198.0,-5.0,-4.0,312,0
182.0,172.0,-5.0,-4.0,312,0
149.0,146.0,-5.0,-4.0,312,0
121.0,124.0,-5.0,-4.0,312,0
88.0,98.0,-5.0,-4.0,312,0
59.0,76.0,-5.0,-4.0,272,1
38.0,54.0,7.0,0.0,216,1
80.0,56.0,7.0,0.0,168,1
129.0,59.0,7.0,0.0,128,0
171.0,61.0,7.0,0.0,128,0
220.0,64.0,7.0,0.0,128,0
269.0,66.0,7.0,0.0,128,0
311.0,69.0,7.0,0.0,96,1
353.0,71.0,7.0,0.0,48,1
402.0,74.0,7.0,0.0,0,1
444.0,76.0,7.0,0.0,0,1
492.0,79.0,7.0,0.0,0,0
541.0,81.0,7.0,0.0,0,0
583.0,84.0,7.0,0.0,0,0
632.0,86.0,7.0,0.0,0,0
674.0,88.0,7.0,0.0,16,-1
723.0,91.0,7.0,0.0,56,0
765.0,93.0,7.0,0.0,56,0
725.0,85.0,-8.0,-2.0,8,1
678.0,76.0,-8.0,-2.0,0,1
623.0,65.0,-8.0,-2.0,0,1
576.0,56.0,-8.0,-2.0,0,0
521.0,45.0,-8.0,-2.0,0,0
474.0,36.0,-8.0,-2.0,0,0
419.0,25.0,-8.0,-2.0,0,0
372.0,16.0,-8.0,-2.0,0,0
317.0,12.0,-8.0,2.0,0,0
262.0,12.0,-8.0,2.0,0,0
214.0,12.0,-8.0,2.0,0,0
159.0,12.0,-8.0,2.0,0,0
112.0,12.0,-8.0,2.0,0,0
65.0,12.0,-8.0,2.0,0,0
39.0,18.0,7.0,6.0,0,0
80.0,54.0,7.0,6.0,0,0
127.0,95.0,7.0,6.0,0,0
175.0,137.0,7.0,6.0,0,0
215.0,173.0,7.0,6.0,0,-1
262.0,214.0,7.0,6.0,56,-1
303.0,250.0,7.0,6.0,104,-1
357.0,298.0,7.0,6.0,168,-1
397.0,333.0,7.0,6.0,216,-1
445.0,375.0,7.0,6.0,272,-1
485.0,411.0,7.0,6.0,304,0
532.0,452.0,7.0,6.0,304,0
573.0,488.0,7.0,-6.0,304,0
620.0,446.0,7.0,-6.0,304,0
661.0,411.0,7.0,-6.0,304,0
708.0,369.0,7.0,-6.0,304,0
755.0,327.0,7.0,-6.0,280,1
729.0,316.0,-10.0,0.0,232,1
669.0,318.0,-10.0,0.0,184,1
599.0,319.0,-10.0,0.0,128,1
529.0,321.0,-10.0,0.0,72,1
459.0,322.0,-10.0,0.0,64,0
389.0,324.0,-10.0,0.0,64,0
329.0,325.0,-10.0,0.0,96,-1
259.0,327.0,-10.0,0.0,152,-1
199.0,328.0,-10.0,0.0,184,0
129.0,329.0,-10.0,0.0,184,0
69.0,331.0,-10.0,0.0,184,0
60.0,320.0,10.0,-4.0,184,0
122.0,298.0,10.0,-4.0,168,1
194.0,271.0,10.0,-4.0,112,1
266.0,245.0,10.0,-4.0,56,1
328.0,222.0,10.0,-4.0,48,0
401.0,195.0,10.0,-4.0,48,0
463.0,173.0,10.0,-4.0,48,0
535.0,146.0,10.0,-4.0,48,0
597.0,124.0,10.0,-4.0,48,0
669.0,97.0,10.0,-4.0,48,0
741.0,71.0,10.0,-4.0,24,1
737.0,64.0,-12.0,2.0,0,1
666.0,75.0,-12.0,2.0,0,1
582.0,87.0,-12.0,2.0,0,1
511.0,97.0,-12.0,2.0,0,0
428.0,109.0,-12.0,2.0,0,0
345.0,121.0,-12.0,2.0,0,0
274.0,132.0,-12.0,2.0,0,0
191.0,144.0,-12.0,2.0,0,0
119.0,154.0,-12.0,2.0,0,0
36.0,166.0,-12.0,2.0,0,0
87.0,149.0,12.0,-4.0,0,0
161.0,127.0,12.0,-4.0,0,0
249.0,102.0,12.0,-4.0,0,0
336.0,76.0,12.0,-4.0,0,0
411.0,54.0,12.0,-4.0,0,0
498.0,28.0,12.0,-4.0,0,0
573.0,19.0,12.0,4.0,0,0
660.0,45.0,12.0,4.0,0,0
735.0,67.0,12.0,4.0,0,0
722.0,102.0,-13.0,6.0,0,0
646.0,138.0,-13.0,6.0,16,-1
557.0,180.0,-13.0,6.0,72,-1
469.0,222.0,-13.0,6.0,128,-1
393.0,258.0,-13.0,6.0,176,-1
317.0,294.0,-13.0,6.0,184,0
229.0,336.0,-13.0,6.0,184,0
140.0,378.0,-13.0,6.0,184,0
64.0,414.0,-13.0,6.0,184,0
86.0,438.0,15.0,1.0,184,0
175.0,447.0,15.0,1.0,184,0
280.0,457.0,15.0,1.0,184,0
369.0,466.0,15.0,1.0,208,-1
474.0,476.0,15.0,1.0,264,-1
564.0,485.0,15.0,1.0,312,-1
668.0,481.0,15.0,-1.0,368,-1
758.0,472.0,15.0,-1.0,400,-1
681.0,478.0,-15.0,-5.0,400,0
590.0,448.0,-15.0,-5.0,400,0
484.0,413.0,-15.0,-5.0,400,0
393.0,383.0,-15.0,-5.0,400,0
286.0,347.0,-15.0,-5.0,384,1
180.0,312.0,-15.0,-5.0,328,1
89.0,282.0,-15.0,-5.0,280,1
78.0,272.0,17.0,3.0,224,1
195.0,294.0,17.0,3.0,216,0
312.0,317.0,17.0,3.0,216,0
412.0,336.0,17.0,3.0,240,-1
529.0,358.0,17.0,3.0,296,0
629.0,378.0,17.0,3.0,296,0
746.0,400.0,17.0,3.0,296,0
738.0,465.0,-10.0,15.0,296,0
665.0,415.0,-10.0,-15.0,296,0
591.0,312.0,-10.0,-15.0,296,0
529.0,224.0,-10.0,-15.0,344,-1
456.0,121.0,-10.0,-15.0,360,0
404.0,48.0,-10.0,-15.0,360,0
331.0,71.0,-10.0,15.0,360,0
258.0,173.0,-10.0,15.0,360,0
195.0,261.0,-10.0,15.0,392,-1
132.0,349.0,-10.0,15.0,400,-1
59.0,452.0,-10.0,15.0,400,0
75.0,467.0,16.0,-11.0,400,0
185.0,392.0,16.0,-11.0,400,0
295.0,317.0,16.0,-11.0,400,0
389.0,253.0,16.0,-11.0,352,1
499.0,178.0,16.0,-11.0,296,1
594.0,114.0,16.0,-11.0,248,1
704.0,39.0,16.0,-11.0,192,1
798.0,44.0,16.0,11.0,144,1
368.0,254.0,-5.0,-2.0,88,1
337.0,240.0,-5.0,-2.0,80,0
309.0,227.0,-5.0,-2.0,128,0
282.0,214.0,-5.0,-2.0,176,0
250.0,200.0,-5.0,-2.0,216,0
223.0,187.0,-5.0,-2.0,216,0
191.0,172.0,-5.0,-2.0,184,1
164.0,159.0,-5.0,-2.0,136,1
133.0,145.0,-5.0,-2.0,80,1
101.0,130.0,-5.0,-2.0,24,1
74.0,117.0,-5.0,-2.0,24,0
42.0,102.0,-5.0,-2.0,24,0
46.0,98.0,6.0,1.0,24,0
88.0,102.0,6.0,1.0,24,0
124.0,105.0,6.0,1.0,24,0
166.0,109.0,6.0,1.0,24,0
207.0,114.0,6.0,1.0,24,0
249.0,118.0,6.0,1.0,56,-1
285.0,121.0,6.0,1.0,104,-1
327.0,125.0,6.0,1.0,160,-1
363.0,129.0,6.0,1.0,184,0
405.0,133.0,6.0,1.0,184,0
440.0,136.0,6.0,1.0,152,1
482.0,140.0,6.0,1.0,96,1
518.0,144.0,6.0,1.0,88,0
560.0,148.0,6.0,1.0,88,0
602.0,152.0,6.0,1.0,104,-1
637.0,155.0,6.0,1.0,152,-1
679.0,159.0,6.0,1.0,152,0
715.0,163.0,6.0,1.0,152,0
763.0,167.0,6.0,1.0,152,0
739.0,150.0,-6.0,-4.0,112,1
697.0,125.0,-6.0,-4.0,56,1
660.0,104.0,-6.0,-4.0,8,1
618.0,79.0,-6.0,-4.0,0,0
582.0,57.0,-6.0,-4.0,0,0
540.0,32.0,-6.0,-4.0,0,0
504.0,16.0,-6.0,4.0,0,0
462.0,41.0,-6.0,4.0,0,-1
425.0,62.0,-6.0,4.0,48,-1
383.0,87.0,-6.0,4.0,104,-1
347.0,108.0,-6.0,4.0,152,-1
305.0,133.0,-6.0,4.0,208,-1
269.0,155.0,-6.0,4.0,224,0
221.0,183.0,-6.0,4.0,224,0
178.0,208.0,-6.0,4.0,224,0
142.0,230.0,-6.0,4.0,224,0
106.0,251.0,-6.0,4.0,224,0
64.0,276.0,-6.0,4.0,224,0
28.0,297.0,7.0,-4.0,224,0
77.0,270.0,7.0,-4.0,224,0
125.0,242.0,7.0,-4.0,224,0
167.0,219.0,7.0,-4.0,224,0
216.0,191.0,7.0,-4.0,192,1
258.0,167.0,7.0,-4.0,144,1
307.0,140.0,7.0,-4.0,88,1
348.0,116.0,7.0,-4.0,56,0
397.0,89.0,7.0,-4.0,56,0
446.0,61.0,7.0,-4.0,56,0
495.0,34.0,7.0,-4.0,56,0
536.0,16.0,7.0,4.0,56,0
585.0,43.0,7.0,4.0,56,0
627.0,67.0,7.0,4.0,56,0
676.0,95.0,7.0,4.0,80,-1
718.0,118.0,7.0,4.0,128,0
766.0,146.0,7.0,4.0,120,1
729.0,141.0,-9.0,-2.0,72,1
667.0,129.0,-9.0,-2.0,16,1
614.0,118.0,-9.0,-2.0,0,0
552.0,106.0,-9.0,-2.0,0,0
499.0,96.0,-9.0,-2.0,48,-1
438.0,84.0,-9.0,-2.0,104,-1
385.0,73.0,-9.0,-2.0,152,-1
323.0,61.0,-9.0,-2.0,208,-1
261.0,49.0,-9.0,-2.0,264,-1
208.0,39.0,-9.0,-2.0,312,0
155.0,28.0,-9.0,-2.0,312,0
93.0,16.0,-9.0,-2.0,312,0
31.0,12.0,8.0,-6.0,312,0
81.0,40.0,8.0,6.0,312,0
139.0,79.0,8.0,6.0,312,0
189.0,113.0,8.0,6.0,312,0
246.0,153.0,8.0,6.0,312,0
296.0,186.0,8.0,6.0,320,-1
354.0,226.0,8.0,6.0,376,-1
404.0,259.0,8.0,6.0,400,-1
461.0,299.0,8.0,6.0,400,0
511.0,332.0,8.0,6.0,400,0
569.0,372.0,8.0,6.0,400,0
619.0,405.0,8.0,6.0,400,0
677.0,445.0,8.0,6.0,400,0
726.0,479.0,8.0,6.0,400,0
765.0,468.0,-11.0,3.0,400,0
701.0,484.0,-11.0,3.0,360,1
626.0,475.0,-11.0,-3.0,304,1
562.0,459.0,-11.0,-3.0,256,1
488.0,440.0,-11.0,-3.0,208,0
413.0,422.0,-11.0,-3.0,208,0
349.0,406.0,-11.0,-3.0,208,0
285.0,390.0,-11.0,-3.0,208,0
210.0,371.0,-11.0,-3.0,208,0
146.0,355.0,-11.0,-3.0,208,0
71.0,337.0,-11.0,-3.0,208,0
64.0,333.0,12.0,2.0,208,0
146.0,349.0,12.0,2.0,208,0
217.0,362.0,12.0,2.0,208,0
300.0,378.0,12.0,2.0,208,0
382.0,394.0,12.0,2.0,256,-1
453.0,407.0,12.0,2.0,304,-1
535.0,423.0,12.0,2.0,360,-1
606.0,437.0,12.0,2.0,400,-1
689.0,453.0,12.0,2.0,400,-1
771.0,469.0,-12.0,4.0,400,0
696.0,488.0,-12.0,-4.0,400,0
609.0,462.0,-12.0,-4.0,400,0
534.0,440.0,-12.0,-4.0,400,0
447.0,413.0,-12.0,-4.0,400,0
372.0,391.0,-12.0,-4.0,400,0
285.0,365.0,-12.0,-4.0,400,0
211.0,343.0,-12.0,-4.0,400,0
123.0,316.0,-12.0,-4.0,400,0
49.0,294.0,-12.0,-4.0,400,0
65.0,230.0,8.0,-11.0,384,1
115.0,163.0,8.0,-11.0,336,1
174.0,84.0,8.0,-11.0,280,1
224.0,17.0,8.0,-11.0,232,1
282.0,79.0,8.0,11.0,232,-1
341.0,158.0,8.0,11.0,288,-1
391.0,226.0,8.0,11.0,336,-1
449.0,304.0,8.0,11.0,360,0
499.0,372.0,8.0,11.0,352,1
549.0,439.0,8.0,11.0,304,1
607.0,466.0,8.0,-11.0,248,1
657.0,398.0,8.0,-11.0,208,0
716.0,319.0,8.0,-11.0,208,0
774.0,241.0,-15.0,-0.0,192,1
684.0,239.0,-15.0,-0.0,144,1
579.0,236.0,-15.0,-0.0,88,1
489.0,234.0,-15.0,-0.0,40,1
384.0,232.0,-15.0,-0.0,40,0
294.0,230.0,-15.0,-0.0,80,-1
189.0,227.0,-15.0,-0.0,136,-1
84.0,225.0,-15.0,-0.0,192,-1
56.0,223.0,16.0,-1.0,200,0
152.0,219.0,16.0,-1.0,200,0
264.0,215.0,16.0,-1.0,200,0
376.0,211.0,16.0,-1.0,200,0
472.0,208.0,16.0,-1.0,168,1
584.0,204.0,16.0,-1.0,144,0
680.0,200.0,16.0,-1.0,144,-1
763.0,186.0,-13.0,-11.0,200,-1
685.0,120.0,-13.0,-11.0,248,-1
595.0,42.0,-13.0,-11.0,304,-1
517.0,45.0,-13.0,11.0,352,-1
427.0,122.0,-13.0,11.0,344,1
349.0,189.0,-13.0,11.0,296,1
259.0,266.0,-13.0,11.0,240,1
181.0,332.0,-13.0,11.0,192,1
91.0,410.0,-13.0,11.0,136,1
38.0,478.0,12.0,14.0,88,1
120.0,406.0,12.0,-14.0,40,0
191.0,324.0,12.0,-14.0,40,0
273.0,229.0,12.0,-14.0,40,0
355.0,133.0,12.0,-14.0,40,0
426.0,52.0,12.0,-14.0,64,-1
508.0,67.0,12.0,14.0,120,-1
590.0,162.0,12.0,14.0,176,-1
672.0,258.0,12.0,14.0,232,-1
743.0,339.0,12.0,14.0,280,-1
708.0,411.0,-17.0,8.0,336,-1
604.0,456.0,-17.0,8.0,384,-1
482.0,473.0,-17.0,-8.0,376,1
378.0,427.0,-17.0,-8.0,328,1
273.0,381.0,-17.0,-8.0,280,1
151.0,328.0,-17.0,-8.0,224,1
29.0,275.0,20.0,-2.0,200,0
149.0,261.0,20.0,-2.0,200,0
288.0,245.0,20.0,-2.0,200,0
407.0,231.0,20.0,-2.0,200,0
546.0,215.0,20.0,-2.0,160,1
685.0,199.0,20.0,-2.0,104,1
751.0,213.0,-17.0,13.0,96,0
651.0,289.0,-17.0,13.0,112,-1
534.0,379.0,-17.0,13.0,168,-1
434.0,455.0,-17.0,13.0,216,-1
317.0,437.0,-17.0,-13.0,248,0
217.0,361.0,-17.0,-13.0,248,0
100.0,271.0,-17.0,-13.0,248,0
57.0,190.0,20.0,-9.0,192,1
178.0,137.0,20.0,-9.0,144,1
319.0,75.0,20.0,-9.0,112,0
440.0,22.0,20.0,-9.0,96,1
581.0,65.0,20.0,9.0,40,1
702.0,118.0,20.0,9.0,72,-1
713.0,153.0,-23.0,-0.0,128,-1
575.0,152.0,-23.0,-0.0,176,-1
414.0,151.0,-23.0,-0.0,232,-1
276.0,150.0,-23.0,-0.0,280,-1
115.0,148.0,-23.0,-0.0,288,0
396.0,315.0,-4.0,-2.0,288,0
365.0,298.0,-4.0,-2.0,288,0
334.0,281.0,-4.0,-2.0,288,0
308.0,267.0,-4.0,-2.0,288,0
278.0,250.0,-4.0,-2.0,288,0
251.0,235.0,-4.0,-2.0,288,0
221.0,218.0,-4.0,-2.0,288,0
190.0,201.0,-4.0,-2.0,288,0
164.0,186.0,-4.0,-2.0,288,0
138.0,172.0,-4.0,-2.0,288,0
107.0,155.0,-4.0,-2.0,288,0
81.0,140.0,-4.0,-2.0,288,0
51.0,123.0,-4.0,-2.0,288,0
41.0,109.0,6.0,-1.0,288,0
76.0,103.0,6.0,-1.0,288,0
117.0,95.0,6.0,-1.0,288,0
153.0,89.0,6.0,-1.0,280,1
194.0,82.0,6.0,-1.0,224,1
230.0,76.0,6.0,-1.0,176,1
271.0,68.0,6.0,-1.0,120,1
312.0,61.0,6.0,-1.0,64,1
348.0,55.0,6.0,-1.0,16,1
383.0,49.0,6.0,-1.0,0,1
425.0,41.0,6.0,-1.0,0,0
460.0,35.0,6.0,-1.0,0,0
501.0,28.0,6.0,-1.0,0,0
543.0,21.0,6.0,-1.0,0,0
578.0,12.0,6.0,1.0,0,0
620.0,12.0,6.0,1.0,0,0
655.0,12.0,6.0,1.0,0,0
696.0,12.0,6.0,1.0,0,0
732.0,12.0,6.0,1.0,0,0
773.0,12.0,-6.0,-4.0,0,0
739.0,32.0,-6.0,4.0,0,0
698.0,59.0,-6.0,4.0,0,0
663.0,83.0,-6.0,4.0,0,0
623.0,110.0,-6.0,4.0,32,-1
588.0,134.0,-6.0,4.0,80,-1
548.0,162.0,-6.0,4.0,136,-1
507.0,189.0,-6.0,4.0,192,-1
472.0,213.0,-6.0,4.0,240,-1
432.0,240.0,-6.0,4.0,296,-1
391.0,268.0,-6.0,4.0,352,-1
356.0,291.0,-6.0,4.0,400,-1
316.0,319.0,-6.0,4.0,400,0
281.0,343.0,-6.0,4.0,400,0
241.0,370.0,-6.0,4.0,400,0
200.0,398.0,-6.0,4.0,384,1
165.0,421.0,-6.0,4.0,336,1
125.0,449.0,-6.0,4.0,280,1
90.0,472.0,-6.0,4.0,240,0
50.0,476.0,-6.0,-4.0,240,0
42.0,463.0,8.0,1.0,240,0
97.0,472.0,8.0,1.0,240,0
145.0,480.0,8.0,1.0,240,0
200.0,488.0,8.0,-1.0,240,0
255.0,479.0,8.0,-1.0,272,-1
311.0,470.0,8.0,-1.0,328,-1
366.0,461.0,8.0,-1.0,384,-1
413.0,453.0,8.0,-1.0,400,-1
461.0,445.0,8.0,-1.0,400,0
524.0,434.0,8.0,-1.0,400,0
571.0,427.0,8.0,-1.0,392,1
618.0,419.0,8.0,-1.0,344,1
674.0,410.0,8.0,-1.0,320,0
721.0,402.0,8.0,-1.0,320,0
760.0,396.0,-9.0,2.0,336,-1
707.0,409.0,-9.0,2.0,384,-1
646.0,425.0,-9.0,2.0,400,-1
594.0,438.0,-9.0,2.0,400,-1
542.0,451.0,-9.0,2.0,400,0
480.0,467.0,-9.0,2.0,400,0
428.0,480.0,-9.0,2.0,376,1
367.0,481.0,-9.0,-2.0,320,1
306.0,466.0,-9.0,-2.0,264,1
254.0,453.0,-9.0,-2.0,216,1
193.0,437.0,-9.0,-2.0,168,0
140.0,424.0,-9.0,-2.0,168,0
79.0,408.0,-9.0,-2.0,168,0
27.0,395.0,7.0,-7.0,168,0
79.0,348.0,7.0,-7.0,168,0
123.0,308.0,7.0,-7.0,168,0
175.0,261.0,7.0,-7.0,168,0
219.0,221.0,7.0,-7.0,168,0
271.0,173.0,7.0,-7.0,192,-1
316.0,133.0,7.0,-7.0,240,-1
368.0,86.0,7.0,-7.0,288,0
419.0,39.0,7.0,-7.0,288,0
464.0,25.0,7.0,7.0,288,0
516.0,72.0,7.0,7.0,288,0
560.0,113.0,7.0,7.0,288,0
612.0,160.0,7.0,7.0,288,0
657.0,200.0,7.0,7.0,288,0
708.0,247.0,7.0,7.0,288,0
753.0,287.0,7.0,7.0,288,0
732.0,298.0,-11.0,-2.0,240,1
668.0,283.0,-11.0,-2.0,192,1
593.0,265.0,-11.0,-2.0,136,1
529.0,250.0,-11.0,-2.0,112,0
454.0,233.0,-11.0,-2.0,112,0
379.0,216.0,-11.0,-2.0,144,-1
314.0,201.0,-11.0,-2.0,192,-1
239.0,183.0,-11.0,-2.0,248,-1
175.0,168.0,-11.0,-2.0,288,0
100.0,151.0,-11.0,-2.0,288,0
36.0,136.0,-11.0,-2.0,288,0
79.0,159.0,11.0,5.0,288,0
156.0,194.0,11.0,5.0,288,0
232.0,229.0,11.0,5.0,288,0
297.0,260.0,11.0,5.0,288,0
374.0,295.0,11.0,5.0,304,-1
439.0,325.0,11.0,5.0,352,-1
515.0,360.0,11.0,5.0,392,0
580.0,391.0,11.0,5.0,392,0
657.0,426.0,11.0,5.0,392,0
733.0,461.0,11.0,5.0,392,0
755.0,480.0,-11.0,-8.0,392,0
681.0,428.0,-11.0,-8.0,392,0
618.0,382.0,-11.0,-8.0,392,0
554.0,337.0,-11.0,-8.0,392,0
480.0,284.0,-11.0,-8.0,392,0
406.0,232.0,-11.0,-8.0,392,0
342.0,186.0,-11.0,-8.0,392,-1
268.0,134.0,-11.0,-8.0,400,-1
205.0,88.0,-11.0,-8.0,400,0
130.0,36.0,-11.0,-8.0,400,0
67.0,35.0,-11.0,8.0,400,0
65.0,74.0,14.0,3.0,400,0
161.0,97.0,14.0,3.0,400,0
242.0,116.0,14.0,3.0,392,1
338.0,139.0,14.0,3.0,336,1
420.0,158.0,14.0,3.0,288,1
501.0,177.0,14.0,3.0,240,1
597.0,200.0,14.0,3.0,184,1
678.0,219.0,14.0,3.0,176,0
774.0,242.0,-15.0,-4.0,208,-1
672.0,215.0,-15.0,-4.0,264,-1
585.0,193.0,-15.0,-4.0,312,-1
483.0,167.0,-15.0,-4.0,368,-1
396.0,144.0,-15.0,-4.0,400,-1
295.0,118.0,-15.0,-4.0,400,0
208.0,95.0,-15.0,-4.0,400,1
106.0,69.0,-15.0,-4.0,344,1
19.0,46.0,16.0,-1.0,296,1
131.0,39.0,16.0,-1.0,240,1
226.0,33.0,16.0,-1.0,192,1
338.0,26.0,16.0,-1.0,136,1
434.0,20.0,16.0,-1.0,88,1
546.0,12.0,16.0,1.0,32,1
658.0,12.0,16.0,1.0,0,1
753.0,12.0,16.0,1.0,0,1
685.0,60.0,-14.0,10.0,0,0
601.0,117.0,-14.0,10.0,8,-1
502.0,184.0,-14.0,10.0,64,-1
418.0,241.0,-14.0,10.0,112,-1
319.0,308.0,-14.0,10.0,168,-1
221.0,375.0,-14.0,10.0,224,-1
137.0,432.0,-14.0,10.0,272,-1
52.0,488.0,-14.0,-10.0,320,0
101.0,469.0,15.0,-9.0,320,0
209.0,404.0,15.0,-9.0,312,1
301.0,347.0,15.0,-9.0,264,1
408.0,282.0,15.0,-9.0,208,1
500.0,225.0,15.0,-9.0,160,1
623.0,150.0,15.0,-9.0,96,1
731.0,85.0,15.0,-9.0,40,1
721.0,48.0,-19.0,-3.0,0,1
608.0,31.0,-19.0,-3.0,0,1
476.0,12.0,-19.0,3.0,0,0
364.0,12.0,-19.0,3.0,24,-1
232.0,12.0,-19.0,3.0,80,-1
119.0,12.0,-19.0,3.0,128,-1
395.0,130.0,-5.0,2.0,184,-1
362.0,142.0,-5.0,2.0,224,0
334.0,152.0,-5.0,2.0,224,0
301.0,163.0,-5.0,2.0,224,0
273.0,173.0,-5.0,2.0,224,0
245.0,184.0,-5.0,2.0,224,0
212.0,195.0,-5.0,2.0,224,0
179.0,207.0,-5.0,2.0,224,0
150.0,217.0,-5.0,2.0,224,0
117.0,229.0,-5.0,2.0,224,0
89.0,239.0,-5.0,2.0,224,0
56.0,250.0,-5.0,2.0,224,0
28.0,260.0,6.0,0.0,224,0
70.0,262.0,6.0,0.0,224,0
112.0,264.0,6.0,0.0,224,0
148.0,265.0,6.0,0.0,224,0
190.0,267.0,6.0,0.0,224,0
226.0,268.0,6.0,0.0,224,0
262.0,270.0,6.0,0.0,224,0
304.0,271.0,6.0,0.0,224,0
346.0,273.0,6.0,0.0,224,0
382.0,274.0,6.0,0.0,224,0
423.0,276.0,6.0,0.0,224,0
459.0,277.0,6.0,0.0,240,-1
501.0,279.0,6.0,0.0,296,-1
537.0,280.0,6.0,0.0,328,0
579.0,282.0,6.0,0.0,328,0
621.0,284.0,6.0,0.0,328,0
657.0,285.0,6.0,0.0,328,0
699.0,287.0,6.0,0.0,328,0
735.0,288.0,6.0,0.0,296,1
764.0,288.0,-7.0,-1.0,240,1
723.0,283.0,-7.0,-1.0,192,1
674.0,276.0,-7.0,-1.0,136,1
632.0,271.0,-7.0,-1.0,88,1
584.0,264.0,-7.0,-1.0,48,0
542.0,258.0,-7.0,-1.0,48,0
494.0,252.0,-7.0,-1.0,48,0
452.0,246.0,-7.0,-1.0,48,0
404.0,240.0,-7.0,-1.0,48,0
362.0,234.0,-7.0,-1.0,96,-1
313.0,227.0,-7.0,-1.0,152,-1
272.0,222.0,-7.0,-1.0,200,-1
223.0,215.0,-7.0,-1.0,208,0
182.0,210.0,-7.0,-1.0,208,0
133.0,203.0,-7.0,-1.0,208,0
91.0,197.0,-7.0,-1.0,208,0
43.0,191.0,-7.0,-1.0,208,0
61.0,190.0,8.0,0.0,192,1
117.0,193.0,8.0,0.0,136,1
173.0,196.0,8.0,0.0,80,1
221.0,198.0,8.0,0.0,40,0
277.0,201.0,8.0,0.0,72,-1
325.0,203.0,8.0,0.0,120,-1
381.0,205.0,8.0,0.0,176,-1
437.0,208.0,8.0,0.0,232,-1
484.0,210.0,8.0,0.0,240,0
532.0,213.0,8.0,0.0,240,0
588.0,215.0,8.0,0.0,240,0
636.0,217.0,8.0,0.0,240,0
692.0,220.0,8.0,0.0,240,0
740.0,222.0,8.0,0.0,216,1
745.0,220.0,-9.0,-1.0,160,1
683.0,210.0,-9.0,-1.0,104,1
630.0,201.0,-9.0,-1.0,56,1
568.0,191.0,-9.0,-1.0,0,1
514.0,182.0,-9.0,-1.0,0,0
443.0,171.0,-9.0,-1.0,56,-1
390.0,163.0,-9.0,-1.0,104,-1
328.0,153.0,-9.0,-1.0,144,0
275.0,144.0,-9.0,-1.0,144,0
212.0,134.0,-9.0,-1.0,144,0
159.0,125.0,-9.0,-1.0,144,0
97.0,115.0,-9.0,-1.0,144,0
43.0,107.0,-9.0,-1.0,144,0
75.0,109.0,10.0,1.0,144,0
135.0,114.0,10.0,1.0,144,0
205.0,121.0,10.0,1.0,128,1
275.0,128.0,10.0,1.0,72,1
334.0,133.0,10.0,1.0,24,1
404.0,140.0,10.0,1.0,16,0
464.0,145.0,10.0,1.0,16,0
533.0,152.0,10.0,1.0,40,-1
593.0,158.0,10.0,1.0,88,-1
663.0,164.0,10.0,1.0,136,0
733.0,171.0,10.0,1.0,136,0
752.0,182.0,-10.0,3.0,88,1
679.0,206.0,-10.0,3.0,32,1
616.0,227.0,-10.0,3.0,0,1
543.0,252.0,-10.0,3.0,0,1
480.0,273.0,-10.0,3.0,16,-1
407.0,297.0,-10.0,3.0,72,-1
345.0,318.0,-10.0,3.0,120,-1
272.0,342.0,-10.0,3.0,176,-1
209.0,363.0,-10.0,3.0,224,-1
136.0,388.0,-10.0,3.0,280,-1
74.0,409.0,-10.0,3.0,320,0
68.0,421.0,12.0,-1.0,320,0
152.0,417.0,12.0,-1.0,320,0
224.0,414.0,12.0,-1.0,320,0
308.0,410.0,12.0,-1.0,320,0
380.0,406.0,12.0,-1.0,320,0
463.0,402.0,12.0,-1.0,320,0
535.0,399.0,12.0,-1.0,320,0
619.0,395.0,12.0,-1.0,320,0
691.0,391.0,12.0,-1.0,320,0
775.0,387.0,-11.0,6.0,304,1
707.0,426.0,-11.0,6.0,256,1
628.0,471.0,-11.0,6.0,200,1
560.0,469.0,-11.0,-6.0,176,0
481.0,424.0,-11.0,-6.0,176,0
402.0,379.0,-11.0,-6.0,232,-1
335.0,340.0,-11.0,-6.0,280,-1
255.0,295.0,-11.0,-6.0,304,0
188.0,256.0,-11.0,-6.0,304,0
120.0,218.0,-11.0,-6.0,304,0
41.0,173.0,-11.0,-6.0,304,0
112.0,151.0,14.0,-3.0,304,0
195.0,136.0,14.0,-3.0,304,0
291.0,118.0,14.0,-3.0,264,1
374.0,102.0,14.0,-3.0,216,1
470.0,84.0,14.0,-3.0,160,1
553.0,69.0,14.0,-3.0,112,1
663.0,48.0,14.0,-3.0,48,1
745.0,33.0,14.0,-3.0,0,1
702.0,22.0,-14.0,5.0,0,1
618.0,53.0,-14.0,5.0,0,1
519.0,89.0,-14.0,5.0,0,0
420.0,125.0,-14.0,5.0,0,0
336.0,155.0,-14.0,5.0,0,0
237.0,191.0,-14.0,5.0,16,-1
152.0,222.0,-14.0,5.0,64,-1
54.0,258.0,-14.0,5.0,120,-1
89.0,262.0,16.0,-2.0,168,-1
185.0,253.0,16.0,-2.0,216,-1
296.0,242.0,16.0,-2.0,272,-1
408.0,231.0,16.0,-2.0,328,-1
519.0,221.0,16.0,-2.0,352,0
631.0,210.0,16.0,-2.0,352,1
726.0,201.0,16.0,-2.0,304,1
415.0,109.0,5.0,-1.0,248,1
449.0,101.0,5.0,-1.0,192,1
478.0,94.0,5.0,-1.0,144,1
512.0,85.0,5.0,-1.0,88,1
541.0,78.0,5.0,-1.0,40,1
575.0,70.0,5.0,-1.0,0,1
604.0,63.0,5.0,-1.0,0,0
638.0,55.0,5.0,-1.0,0,0
667.0,48.0,5.0,-1.0,0,0
701.0,40.0,5.0,-1.0,0,0
736.0,32.0,5.0,-1.0,0,0
765.0,25.0,5.0,-1.0,0,0
737.0,12.0,-5.0,2.0,0,0
704.0,12.0,-5.0,2.0,0,0
665.0,12.0,-5.0,2.0,0,0
632.0,12.0,-5.0,2.0,0,0
599.0,12.0,-5.0,2.0,0,0
561.0,12.0,-5.0,2.0,0,0
522.0,12.0,-5.0,2.0,0,0
489.0,12.0,-5.0,2.0,0,0
451.0,12.0,-5.0,2.0,0,0
418.0,12.0,-5.0,2.0,48,-1
379.0,12.0,-5.0,2.0,104,-1
346.0,12.0,-5.0,2.0,152,-1
308.0,12.0,-5.0,2.0,208,-1
269.0,12.0,-5.0,2.0,264,-1
236.0,12.0,-5.0,2.0,280,0
198.0,12.0,-5.0,2.0,280,0
165.0,12.0,-5.0,2.0,280,0
126.0,12.0,-5.0,2.0,280,0
93.0,12.0,-5.0,2.0,280,0
55.0,12.0,-5.0,2.0,280,0
33.0,12.0,6.0,4.0,280,0
74.0,40.0,6.0,4.0,280,0
108.0,63.0,6.0,4.0,280,0
149.0,91.0,6.0,4.0,280,0
184.0,114.0,6.0,4.0,280,0
224.0,142.0,6.0,4.0,304,-1
259.0,165.0,6.0,4.0,352,-1
305.0,197.0,6.0,4.0,400,-1
340.0,221.0,6.0,4.0,400,-1
381.0,248.0,6.0,4.0,400,0
415.0,272.0,6.0,4.0,400,0
456.0,299.0,6.0,4.0,400,0
496.0,327.0,6.0,4.0,400,0
531.0,350.0,6.0,4.0,400,0
572.0,378.0,6.0,4.0,400,0
606.0,402.0,6.0,4.0,400,0
647.0,429.0,6.0,4.0,400,0
682.0,453.0,6.0,4.0,400,0
722.0,480.0,6.0,4.0,400,0
757.0,472.0,6.0,-4.0,400,0
729.0,473.0,-8.0,2.0,400,0
683.0,484.0,-8.0,2.0,400,0
628.0,481.0,-8.0,-2.0,400,0
574.0,468.0,-8.0,-2.0,400,0
527.0,458.0,-8.0,-2.0,392,1
472.0,445.0,-8.0,-2.0,336,1
425.0,434.0,-8.0,-2.0,288,1
371.0,422.0,-8.0,-2.0,232,1
324.0,411.0,-8.0,-2.0,192,0
269.0,398.0,-8.0,-2.0,192,0
223.0,388.0,-8.0,-2.0,192,0
168.0,375.0,-8.0,-2.0,192,0
121.0,364.0,-8.0,-2.0,192,0
67.0,352.0,-8.0,-2.0,192,0
37.0,345.0,9.0,2.0,192,0
98.0,357.0,9.0,2.0,192,0
151.0,368.0,9.0,2.0,192,0
213.0,380.0,9.0,2.0,192,0
275.0,393.0,9.0,2.0,232,-1
328.0,404.0,9.0,2.0,280,-1
381.0,414.0,9.0,2.0,328,-1
442.0,427.0,9.0,2.0,384,-1
504.0,439.0,9.0,2.0,400,-1
557.0,450.0,9.0,2.0,400,0
619.0,463.0,9.0,2.0,400,0
672.0,473.0,9.0,2.0,400,0
733.0,486.0,9.0,2.0,400,0
752.0,483.0,-9.0,-5.0,400,0
692.0,447.0,-9.0,-5.0,400,0
632.0,411.0,-9.0,-5.0,400,0
571.0,375.0,-9.0,-5.0,400,0
520.0,344.0,-9.0,-5.0,400,0
460.0,308.0,-9.0,-5.0,400,0
409.0,277.0,-9.0,-5.0,400,0
349.0,241.0,-9.0,-5.0,400,0
297.0,210.0,-9.0,-5.0,400,0
237.0,174.0,-9.0,-5.0,368,1
177.0,138.0,-9.0,-5.0,312,1
126.0,107.0,-9.0,-5.0,264,1
74.0,76.0,-9.0,-5.0,216,0
53.0,51.0,11.0,0.0,216,0
130.0,51.0,11.0,0.0,216,0
196.0,52.0,11.0,0.0,216,0
284.0,52.0,11.0,0.0,192,1
350.0,53.0,11.0,0.0,144,1
427.0,54.0,11.0,0.0,88,1
493.0,54.0,11.0,0.0,40,1
570.0,55.0,11.0,0.0,0,1
636.0,55.0,11.0,0.0,0,1
713.0,56.0,11.0,0.0,0,0
756.0,57.0,-12.0,1.0,0,0
673.0,66.0,-12.0,1.0,32,-1
601.0,73.0,-12.0,1.0,80,-1
518.0,81.0,-12.0,1.0,136,-1
434.0,89.0,-12.0,1.0,192,-1
362.0,96.0,-12.0,1.0,240,-1
279.0,105.0,-12.0,1.0,296,-1
195.0,113.0,-12.0,1.0,296,0
112.0,121.0,-12.0,1.0,280,1
40.0,128.0,-12.0,1.0,232,1
104.0,148.0,13.0,3.0,176,1
179.0,167.0,13.0,3.0,128,1
268.0,189.0,13.0,3.0,104,0
343.0,207.0,13.0,3.0,112,-1
432.0,229.0,13.0,3.0,168,-1
520.0,251.0,13.0,3.0,224,-1
596.0,270.0,13.0,3.0,272,-1
672.0,288.0,13.0,3.0,296,0
760.0,310.0,13.0,3.0,264,1
689.0,323.0,-14.0,2.0,208,1
606.0,332.0,-14.0,2.0,160,1
508.0,343.0,-14.0,2.0,104,1
425.0,353.0,-14.0,2.0,64,0
327.0,364.0,-14.0,2.0,112,-1
244.0,373.0,-14.0,2.0,160,-1
147.0,384.0,-14.0,2.0,216,-1
49.0,395.0,-14.0,2.0,272,0
76.0,373.0,14.0,-6.0,272,0
171.0,329.0,14.0,-6.0,272,0
266.0,285.0,14.0,-6.0,240,1
348.0,247.0,14.0,-6.0,192,1
443.0,202.0,14.0,-6.0,136,1
525.0,165.0,14.0,-6.0,88,1
606.0,127.0,14.0,-6.0,40,1
702.0,82.0,14.0,-6.0,0,1
738.0,51.0,-16.0,0.0,0,0
642.0,53.0,-16.0,0.0,0,0
530.0,54.0,-16.0,0.0,16,-1
434.0,55.0,-16.0,0.0,64,-1
322.0,57.0,-16.0,0.0,120,-1
226.0,58.0,-16.0,0.0,168,-1
114.0,60.0,-16.0,0.0,224,-1
34.0,64.0,17.0,3.0,264,0
135.0,81.0,17.0,3.0,264,0
252.0,101.0,17.0,3.0,264,0
353.0,119.0,17.0,3.0,264,0
470.0,139.0,17.0,3.0,216,1
571.0,156.0,17.0,3.0,168,1
688.0,177.0,17.0,3.0,112,1
755.0,197.0,-17.0,6.0,128,-1
635.0,238.0,-17.0,6.0,184,-1
533.0,273.0,-17.0,6.0,232,-1
414.0,314.0,-17.0,6.0,288,-1
312.0,349.0,-17.0,6.0,336,-1
193.0,390.0,-17.0,6.0,344,1
74.0,431.0,-17.0,6.0,288,1
390.0,463.0,-5.0,-1.0,240,1
356.0,454.0,-5.0,-1.0,184,1
327.0,447.0,-5.0,-1.0,184,0
293.0,438.0,-5.0,-1.0,184,0
264.0,431.0,-5.0,-1.0,184,0
230.0,422.0,-5.0,-1.0,184,0
201.0,415.0,-5.0,-1.0,184,0
167.0,406.0,-5.0,-1.0,184,0
138.0,399.0,-5.0,-1.0,184,0
104.0,390.0,-5.0,-1.0,184,0
75.0,383.0,-5.0,-1.0,184,0
41.0,375.0,-5.0,-1.0,184,0
61.0,366.0,6.0,-1.0,184,0
96.0,358.0,6.0,-1.0,184,0
137.0,349.0,6.0,-1.0,184,0
172.0,341.0,6.0,-1.0,184,0
213.0,332.0,6.0,-1.0,184,0
248.0,324.0,6.0,-1.0,184,0
289.0,315.0,6.0,-1.0,184,0
324.0,307.0,6.0,-1.0,184,0
365.0,298.0,6.0,-1.0,184,0
406.0,289.0,6.0,-1.0,216,-1
447.0,280.0,6.0,-1.0,256,0
488.0,271.0,6.0,-1.0,216,1
524.0,263.0,6.0,-1.0,168,1
559.0,255.0,6.0,-1.0,120,1
600.0,246.0,6.0,-1.0,88,0
635.0,238.0,6.0,-1.0,88,0
676.0,229.0,6.0,-1.0,88,0
711.0,221.0,6.0,-1.0,88,0
752.0,212.0,6.0,-1.0,88,-1
749.0,227.0,-5.0,5.0,144,-1
717.0,255.0,-5.0,5.0,192,-1
681.0,288.0,-5.0,5.0,248,-1
650.0,316.0,-5.0,5.0,296,-1
618.0,344.0,-5.0,5.0,344,-1
582.0,376.0,-5.0,5.0,368,0
545.0,409.0,-5.0,5.0,368,0
514.0,437.0,-5.0,5.0,368,0
477.0,469.0,-5.0,5.0,368,0
446.0,483.0,-5.0,-5.0,344,1
409.0,451.0,-5.0,-5.0,288,1
373.0,418.0,-5.0,-5.0,232,1
341.0,390.0,-5.0,-5.0,184,1
305.0,358.0,-5.0,-5.0,176,0
273.0,330.0,-5.0,-5.0,176,0
237.0,297.0,-5.0,-5.0,176,0
206.0,269.0,-5.0,-5.0,176,0
169.0,236.0,-5.0,-5.0,176,0
132.0,204.0,-5.0,-5.0,176,0
96.0,171.0,-5.0,-5.0,176,0
65.0,143.0,-5.0,-5.0,176,0
28.0,111.0,8.0,-1.0,176,0
75.0,102.0,8.0,-1.0,176,0
130.0,92.0,8.0,-1.0,176,0
185.0,82.0,8.0,-1.0,176,0
233.0,73.0,8.0,-1.0,176,0
280.0,65.0,8.0,-1.0,176,0
335.0,55.0,8.0,-1.0,176,0
382.0,46.0,8.0,-1.0,176,0
437.0,36.0,8.0,-1.0,176,0
492.0,26.0,8.0,-1.0,176,0
540.0,17.0,8.0,-1.0,176,0
595.0,12.0,8.0,1.0,176,0
642.0,12.0,8.0,1.0,176,0
697.0,12.0,8.0,1.0,176,0
752.0,12.0,8.0,1.0,176,0
395.0,212.0,-5.0,-2.0,176,0
363.0,198.0,-5.0,-2.0,192,-1
336.0,186.0,-5.0,-2.0,152,1
309.0,173.0,-5.0,-2.0,104,1
277.0,159.0,-5.0,-2.0,96,0
245.0,145.0,-5.0,-2.0,88,1
217.0,133.0,-5.0,-2.0,40,1
185.0,119.0,-5.0,-2.0,8,0
158.0,106.0,-5.0,-2.0,8,0
126.0,92.0,-5.0,-2.0,8,0
94.0,78.0,-5.0,-2.0,8,0
62.0,64.0,-5.0,-2.0,8,0
34.0,52.0,-5.0,-2.0,8,0
390.0,77.0,-5.0,1.0,8,0
361.0,84.0,-5.0,1.0,8,0
327.0,92.0,-5.0,1.0,8,0
298.0,98.0,-5.0,1.0,8,0
264.0,106.0,-5.0,1.0,8,0
229.0,114.0,-5.0,1.0,8,0
200.0,121.0,-5.0,1.0,8,0
166.0,129.0,-5.0,1.0,8,0
137.0,136.0,-5.0,1.0,8,0
108.0,142.0,-5.0,1.0,8,0
74.0,150.0,-5.0,1.0,8,0
44.0,157.0,-5.0,1.0,8,0
50.0,174.0,5.0,3.0,8,0
84.0,198.0,5.0,3.0,32,-1
114.0,218.0,5.0,3.0,80,-1
148.0,242.0,5.0,3.0,136,-1
178.0,262.0,5.0,3.0,144,0
213.0,286.0,5.0,3.0,144,0
242.0,307.0,5.0,3.0,144,0
277.0,330.0,5.0,3.0,144,0
307.0,351.0,5.0,3.0,144,0
341.0,375.0,5.0,3.0,144,0
371.0,395.0,5.0,3.0,144,0
405.0,419.0,5.0,3.0,144,0
435.0,439.0,5.0,3.0,144,0
470.0,463.0,5.0,3.0,144,0
499.0,483.0,5.0,3.0,144,0
534.0,471.0,5.0,-3.0,144,0
569.0,447.0,5.0,-3.0,144,0
598.0,427.0,5.0,-3.0,144,0
633.0,403.0,5.0,-3.0,144,0
663.0,383.0,5.0,-3.0,144,0
692.0,362.0,5.0,-3.0,144,0
727.0,338.0,5.0,-3.0,152,-1
757.0,318.0,5.0,-3.0,200,-1
747.0,322.0,-6.0,4.0,256,-1
705.0,347.0,-6.0,4.0,272,0
669.0,368.0,-6.0,4.0,272,0
626.0,393.0,-6.0,4.0,272,0
590.0,414.0,-6.0,4.0,272,0
548.0,439.0,-6.0,4.0,272,0
512.0,460.0,-6.0,4.0,272,0
470.0,485.0,-6.0,4.0,272,0
427.0,467.0,-6.0,-4.0,272,0
385.0,442.0,-6.0,-4.0,272,0
349.0,421.0,-6.0,-4.0,272,0
307.0,396.0,-6.0,-4.0,272,0
264.0,371.0,-6.0,-4.0,272,0
228.0,350.0,-6.0,-4.0,272,0
186.0,325.0,-6.0,-4.0,256,1
150.0,304.0,-6.0,-4.0,208,1
113.0,282.0,-6.0,-4.0,200,0
71.0,258.0,-6.0,-4.0,200,0
29.0,233.0,8.0,1.0,200,0
77.0,238.0,8.0,1.0,200,0
132.0,244.0,8.0,1.0,200,0
180.0,249.0,8.0,1.0,200,0
236.0,255.0,8.0,1.0,200,0
299.0,261.0,8.0,1.0,200,0
347.0,266.0,8.0,1.0,200,0
395.0,271.0,8.0,1.0,200,0
451.0,277.0,8.0,1.0,200,0
498.0,282.0,8.0,1.0,200,0
554.0,288.0,8.0,1.0,200,0
610.0,294.0,8.0,1.0,200,0
657.0,299.0,8.0,1.0,200,0
713.0,305.0,8.0,1.0,200,0
761.0,310.0,8.0,1.0,200,0
738.0,355.0,-5.0,7.0,200,0
707.0,399.0,-5.0,7.0,200,0
670.0,451.0,-5.0,7.0,200,0
639.0,488.0,-5.0,-7.0,200,0
598.0,429.0,-5.0,-7.0,200,0
567.0,385.0,-5.0,-7.0,200,0
530.0,333.0,-5.0,-7.0,200,0
499.0,289.0,-5.0,-7.0,200,0
463.0,238.0,-5.0,-7.0,200,0
427.0,186.0,-5.0,-7.0,200,0
396.0,142.0,-5.0,-7.0,200,0
365.0,98.0,-5.0,-7.0,200,0
328.0,47.0,-5.0,-7.0,200,0
297.0,19.0,-5.0,7.0,200,0
261.0,71.0,-5.0,7.0,200,0
230.0,115.0,-5.0,7.0,200,0
193.0,167.0,-5.0,7.0,200,0
157.0,218.0,-5.0,7.0,200,0
121.0,270.0,-5.0,7.0,200,0
90.0,314.0,-5.0,7.0,200,0
54.0,365.0,-5.0,7.0,200,0
